Familia;Formato;Color;Modelo;;Imagen;Desc._Familia;Desc._Articulo;Estado;Tarifa;Tarifa_Cial.;PV_Calidad_100;Grupo_Tarifa;Desc._Caja;Desc._Marca;Desc._Envase;EAN13;;Cod._SASO;UM;Pz/Caja;M2/Caja;Cj/Pallet;M2/Pallet;Kg/Caja;Kg/Pallet;Largo_PL_cm;Ancho_PL_cm;Alto_PL_cm;Remontable;Espesor_(mm);Fecha_de_alta;Desc._Marca_web;Desc._Serie_promo;Desc._Familia_web;Id._Articulo;Moodboard;Coleccion_web;Serie_web;Efecto_web;Gama_web;Tipo_de_uso;Tipo_complementario;Tipo_clasificacion;Acabado_pieza_web;Variacion_cromatica;Relieve_web;Relieve;Texturizado;Graficas;UNE-EN_ISO_10545-7;UNE_41901:2017_EX;Deslizamiento_DIN_51130;DIN_51097;Grupo_B(X)_UNE-EN_14411;Tipo_baldosa;PTV_(DRY);PTV_(WET);UPEC;DCOF_ANSI_A326.3;Resistencia_flexion;Marca_web;Ref._Catalogo;Formato;Catalogo_web;URL_imagen_PIM;Estado_PIM;Ancho;Alto;Espesor_mm;area;Medida;Nombre;Color_ok;Imagen_web;Num_Pagina
4;120;163;16061;0041200040973;SI;PUL.COMP.;120x120 CROWN CREAM;A;SI;;0.0000;POL19;PAMESA;PAMESA;23/36/01;8429991189860;;8429991773199;M2;1;1.44;36;51.84;34.36;1,276.96;126.00;126.00;71.00;;;29/10/2025;PAMESA;PAMESA;GRES PORCELNICO ESMALTADO PULIDO RECTF.;0041200040973;;POLISHED;CROWN;MARMOL;;POLIVALENTE;BASE;BASE;PULIDO;VARIACION MODERADA;;NO;;;;CLASE 0;;;GRUPO BIa;GL Esmaltado;;;NO;;1600-2400 N - 35-45 N/mm2;1;004.120.0163.16061;120X120;CATLOGO PAMESA;;;120;120;10.2;14400;120x120;CROWN;CREAM;https://www.pamesa.com/ERP/4.0/empresas/151/045/imagenes/t00010602/0041200040973.jpg;???
17;120;163;16061;0171200040977;SI;REC.GLASS;120x120 CROWN CREAM;A;SI;;0.0000;POL18;PAMESA;PAMESA;23/36/01;8429991189907;;8429991773199;M2;1;1.44;36;51.84;34.36;1,276.96;126.00;126.00;71.00;;;29/10/2025;PAMESA;PAMESA;GRES PORCELNICO ESMALTADO;0171200040977;;POLISHED;CROWN;MARMOL;;POLIVALENTE;BASE;BASE;SATEN RECTIFICADO;VARIACION MODERADA;;NO;;;;CLASE 0;;;GRUPO BIa;GL Esmaltado;;;NO;;1600-2400 N - 35-45 N/mm2;1;017.120.0163.16061;120X120;CATLOGO PAMESA;;;120;120;10.2;14400;120x120;CROWN;CREAM;https://www.pamesa.com/ERP/4.0/empresas/151/045/imagenes/t00010602/0171200040977.jpg;???
4;120;169;16061;0041200040975;SI;PUL.COMP.;120x120 CROWN PEARL;A;SI;;0.0000;POL19;PAMESA;PAMESA;23/36/01;8429991189884;;8429991773199;M2;1;1.44;36;51.84;34.36;1,276.96;126.00;126.00;71.00;;;29/10/2025;PAMESA;PAMESA;GRES PORCELNICO ESMALTADO PULIDO RECTF.;0041200040975;;POLISHED;CROWN;MARMOL;;POLIVALENTE;BASE;BASE;PULIDO;VARIACION MODERADA;;NO;;;;CLASE 0;;;GRUPO BIa;GL Esmaltado;;;NO;;1600-2400 N - 35-45 N/mm2;1;004.120.0169.16061;120X120;CATLOGO PAMESA;;;120;120;10.2;14400;120x120;CROWN;PEARL;https://www.pamesa.com/ERP/4.0/empresas/151/045/imagenes/t00010602/0041200040975.jpg;???
17;120;169;16061;0171200040979;SI;REC.GLASS;120x120 CROWN PEARL;A;SI;;0.0000;POL18;PAMESA;PAMESA;23/36/01;8429991189921;;8429991773199;M2;1;1.44;36;51.84;34.36;1,276.96;126.00;126.00;71.00;;;29/10/2025;PAMESA;PAMESA;GRES PORCELNICO ESMALTADO;0171200040979;;POLISHED;CROWN;MARMOL;;POLIVALENTE;BASE;BASE;SATEN RECTIFICADO;VARIACION MODERADA;;NO;;;;CLASE 0;;;GRUPO BIa;GL Esmaltado;;;NO;;1600-2400 N - 35-45 N/mm2;1;017.120.0169.16061;120X120;CATLOGO PAMESA;;;120;120;10.2;14400;120x120;CROWN;PEARL;https://www.pamesa.com/ERP/4.0/empresas/151/045/imagenes/t00010602/0171200040979.jpg;???
4;120;285;16061;0041200040974;SI;PUL.COMP.;120x120 CROWN TAUPE;A;SI;;0.0000;POL19;PAMESA;PAMESA;23/36/01;8429991189877;;8429991773199;M2;1;1.44;36;51.84;34.36;1,276.96;126.00;126.00;71.00;;;29/10/2025;PAMESA;PAMESA;GRES PORCELNICO ESMALTADO PULIDO RECTF.;0041200040974;;POLISHED;CROWN;MARMOL;;POLIVALENTE;BASE;BASE;PULIDO;VARIACION MODERADA;;NO;;;;CLASE 0;;;GRUPO BIa;GL Esmaltado;;;NO;;1600-2400 N - 35-45 N/mm2;1;004.120.0285.16061;120X120;CATLOGO PAMESA;;;120;120;10.2;14400;120x120;CROWN;TAUPE;https://www.pamesa.com/ERP/4.0/empresas/151/045/imagenes/t00010602/0041200040974.jpg;???
17;120;285;16061;0171200040978;SI;REC.GLASS;120x120 CROWN TAUPE;A;SI;;0.0000;POL18;PAMESA;PAMESA;23/36/01;8429991189914;;8429991773199;M2;1;1.44;36;51.84;34.36;1,276.96;126.00;126.00;71.00;;;29/10/2025;PAMESA;PAMESA;GRES PORCELNICO ESMALTADO;0171200040978;;POLISHED;CROWN;MARMOL;;POLIVALENTE;BASE;BASE;SATEN RECTIFICADO;VARIACION MODERADA;;NO;;;;CLASE 0;;;GRUPO BIa;GL Esmaltado;;;NO;;1600-2400 N - 35-45 N/mm2;1;017.120.0285.16061;120X120;CATLOGO PAMESA;;;120;120;10.2;14400;120x120;CROWN;TAUPE;https://www.pamesa.com/ERP/4.0/empresas/151/045/imagenes/t00010602/0171200040978.jpg;???
4;120;108;16061;0041200040972;SI;PUL.COMP.;120x120 CROWN WHITE;A;SI;;0.0000;POL19;PAMESA;PAMESA;23/36/01;8429991189853;;8429991773199;M2;1;1.44;36;51.84;34.36;1,276.96;126.00;126.00;71.00;;;29/10/2025;PAMESA;PAMESA;GRES PORCELNICO ESMALTADO PULIDO RECTF.;0041200040972;;POLISHED;CROWN;MARMOL;;POLIVALENTE;BASE;BASE;PULIDO;VARIACION MODERADA;;NO;;;;CLASE 0;;;GRUPO BIa;GL Esmaltado;;;NO;;1600-2400 N - 35-45 N/mm2;1;004.120.0108.16061;120X120;CATLOGO PAMESA;;;120;120;10.2;14400;120x120;CROWN;WHITE;https://www.pamesa.com/ERP/4.0/empresas/151/045/imagenes/t00010602/0041200040972.jpg;???
17;120;108;16061;0171200040976;SI;REC.GLASS;120x120 CROWN WHITE;A;SI;;0.0000;POL18;PAMESA;PAMESA;23/36/01;8429991189891;;8429991773199;M2;1;1.44;36;51.84;34.36;1,276.96;126.00;126.00;71.00;;;29/10/2025;PAMESA;PAMESA;GRES PORCELNICO ESMALTADO;0171200040976;;POLISHED;CROWN;MARMOL;;POLIVALENTE;BASE;BASE;SATEN RECTIFICADO;VARIACION MODERADA;;NO;;;;CLASE 0;;;GRUPO BIa;GL Esmaltado;;;NO;;1600-2400 N - 35-45 N/mm2;1;017.120.0108.16061;120X120;CATLOGO PAMESA;;;120;120;10.2;14400;120x120;CROWN;WHITE;https://www.pamesa.com/ERP/4.0/empresas/151/045/imagenes/t00010602/0171200040976.jpg;???
4;869;163;16061;0048690040989;SI;PUL.COMP.;60x120 CROWN CREAM;A;SI;;0.0000;POL13;PAMESA;PAMESA;L/32/02;8429991189945;;8429991773199;M2;2;1.44;32;46.08;34.25;1,121.00;122.00;84.00;75.00;;10.50;29/10/2025;PAMESA;PAMESA;GRES PORCELNICO ESMALTADO PULIDO RECTF.;0048690040989;;POLISHED;CROWN;MARMOL;;POLIVALENTE;BASE;BASE;PULIDO;VARIACION MODERADA;;NO;;;;CLASE 0;;;GRUPO BIa;GL Esmaltado;;;NO;;1600-2400 N - 35-45 N/mm2;1;004.869.0163.16061;60X120 RF;CATLOGO PAMESA;;;60;120;10.5;7200;60x120;CROWN;CREAM;https://www.pamesa.com/ERP/4.0/empresas/151/045/imagenes/t00010602/0048690040989.jpg;???
17;869;163;16061;0178690040993;SI;REC.GLASS;60x120 CROWN CREAM;A;SI;;0.0000;POL12;PAMESA;PAMESA;L/32/02;8429991189983;;8429991773199;M2;2;1.44;32;46.08;34.25;1,121.00;122.00;84.00;75.00;;10.50;29/10/2025;PAMESA;PAMESA;GRES PORCELNICO ESMALTADO;0178690040993;;POLISHED;CROWN;MARMOL;;POLIVALENTE;BASE;BASE;SATEN RECTIFICADO;VARIACION MODERADA;;NO;;;;CLASE 0;;;GRUPO BIa;GL Esmaltado;;;NO;;1600-2400 N - 35-45 N/mm2;1;017.869.0163.16061;60X120 RF;CATLOGO PAMESA;;;60;120;10.5;7200;60x120;CROWN;CREAM;https://www.pamesa.com/ERP/4.0/empresas/151/045/imagenes/t00010602/0178690040993.jpg;???
4;869;169;16061;0048690040991;SI;PUL.COMP.;60x120 CROWN PEARL;A;SI;;0.0000;POL13;PAMESA;PAMESA;L/32/02;8429991189969;;8429991773199;M2;2;1.44;32;46.08;34.25;1,121.00;122.00;84.00;75.00;;10.50;29/10/2025;PAMESA;PAMESA;GRES PORCELNICO ESMALTADO PULIDO RECTF.;0048690040991;;POLISHED;CROWN;MARMOL;;POLIVALENTE;BASE;BASE;PULIDO;VARIACION MODERADA;;NO;;;;CLASE 0;;;GRUPO BIa;GL Esmaltado;;;NO;;1600-2400 N - 35-45 N/mm2;1;004.869.0169.16061;60X120 RF;CATLOGO PAMESA;;;60;120;10.5;7200;60x120;CROWN;PEARL;https://www.pamesa.com/ERP/4.0/empresas/151/045/imagenes/t00010602/0048690040991.jpg;???
17;869;169;16061;0178690040995;SI;REC.GLASS;60x120 CROWN PEARL;A;SI;;0.0000;POL12;PAMESA;PAMESA;L/32/02;8429991190002;;8429991773199;M2;2;1.44;32;46.08;34.25;1,121.00;122.00;84.00;75.00;;10.50;29/10/2025;PAMESA;PAMESA;GRES PORCELNICO ESMALTADO;0178690040995;;POLISHED;CROWN;MARMOL;;POLIVALENTE;BASE;BASE;SATEN RECTIFICADO;VARIACION MODERADA;;NO;;;;CLASE 0;;;GRUPO BIa;GL Esmaltado;;;NO;;1600-2400 N - 35-45 N/mm2;1;017.869.0169.16061;60X120 RF;CATLOGO PAMESA;;;60;120;10.5;7200;60x120;CROWN;PEARL;https://www.pamesa.com/ERP/4.0/empresas/151/045/imagenes/t00010602/0178690040995.jpg;???
4;869;285;16061;0048690040990;SI;PUL.COMP.;60x120 CROWN TAUPE;A;SI;;0.0000;POL13;PAMESA;PAMESA;L/32/02;8429991189952;;8429991773199;M2;2;1.44;32;46.08;34.25;1,121.00;122.00;84.00;75.00;;10.50;29/10/2025;PAMESA;PAMESA;GRES PORCELNICO ESMALTADO PULIDO RECTF.;0048690040990;;POLISHED;CROWN;MARMOL;;POLIVALENTE;BASE;BASE;PULIDO;VARIACION MODERADA;;NO;;;;CLASE 0;;;GRUPO BIa;GL Esmaltado;;;NO;;1600-2400 N - 35-45 N/mm2;1;004.869.0285.16061;60X120 RF;CATLOGO PAMESA;;;60;120;10.5;7200;60x120;CROWN;TAUPE;https://www.pamesa.com/ERP/4.0/empresas/151/045/imagenes/t00010602/0048690040990.jpg;???
17;869;285;16061;0178690040994;SI;REC.GLASS;60x120 CROWN TAUPE;A;SI;;0.0000;POL12;PAMESA;PAMESA;L/32/02;8429991189990;;8429991773199;M2;2;1.44;32;46.08;34.25;1,121.00;122.00;84.00;75.00;;10.50;29/10/2025;PAMESA;PAMESA;GRES PORCELNICO ESMALTADO;0178690040994;;POLISHED;CROWN;MARMOL;;POLIVALENTE;BASE;BASE;SATEN RECTIFICADO;VARIACION MODERADA;;NO;;;;CLASE 0;;;GRUPO BIa;GL Esmaltado;;;NO;;1600-2400 N - 35-45 N/mm2;1;017.869.0285.16061;60X120 RF;CATLOGO PAMESA;;;60;120;10.5;7200;60x120;CROWN;TAUPE;https://www.pamesa.com/ERP/4.0/empresas/151/045/imagenes/t00010602/0178690040994.jpg;???
4;869;108;16061;0048690040988;SI;PUL.COMP.;60x120 CROWN WHITE;A;SI;;0.0000;POL13;PAMESA;PAMESA;L/32/02;8429991189938;;8429991773199;M2;2;1.44;32;46.08;34.25;1,121.00;122.00;84.00;75.00;;10.50;29/10/2025;PAMESA;PAMESA;GRES PORCELNICO ESMALTADO PULIDO RECTF.;0048690040988;;POLISHED;CROWN;MARMOL;;POLIVALENTE;BASE;BASE;PULIDO;VARIACION MODERADA;;NO;;;;CLASE 0;;;GRUPO BIa;GL Esmaltado;;;NO;;1600-2400 N - 35-45 N/mm2;1;004.869.0108.16061;60X120 RF;CATLOGO PAMESA;;;60;120;10.5;7200;60x120;CROWN;WHITE;https://www.pamesa.com/ERP/4.0/empresas/151/045/imagenes/t00010602/0048690040988.jpg;???
17;869;108;16061;0178690040992;SI;REC.GLASS;60x120 CROWN WHITE;A;SI;;0.0000;POL12;PAMESA;PAMESA;L/32/02;8429991189976;;8429991773199;M2;2;1.44;32;46.08;34.25;1,121.00;122.00;84.00;75.00;;10.50;29/10/2025;PAMESA;PAMESA;GRES PORCELNICO ESMALTADO;0178690040992;;POLISHED;CROWN;MARMOL;;POLIVALENTE;BASE;BASE;SATEN RECTIFICADO;VARIACION MODERADA;;NO;;;;CLASE 0;;;GRUPO BIa;GL Esmaltado;;;NO;;1600-2400 N - 35-45 N/mm2;1;017.869.0108.16061;60X120 RF;CATLOGO PAMESA;;;60;120;10.5;7200;60x120;CROWN;WHITE;https://www.pamesa.com/ERP/4.0/empresas/151/045/imagenes/t00010602/0178690040992.jpg;???
17;869;163;16083;0178690041280;SI;REC.GLASS;60x120 RLV.CROWN CREAM;A;SI;;0.0000;;PAMESA;PAMESA;L/32/02;8429991191221;;8429991773199;M2;2;1.44;32;46.08;34.25;1,121.00;122.00;84.00;75.00;;10.50;04/11/2025;PAMESA;PAMESA;GRES PORCELNICO ESMALTADO;0178690041280;;POLISHED;CROWN;MARMOL;;POLIVALENTE;DECORADO;RLV DECORADO;SATEN RECTIFICADO;VARIACION MODERADA;;SI;;;;CLASE 0;;;GRUPO BIa;GL Esmaltado;;;NO;;1600-2400 N - 35-45 N/mm2;1;017.869.0163.16083;60X120 RF;CATLOGO PAMESA;;;60;120;10.5;7200;60x120;RLV.CROWN;CREAM;https://www.pamesa.com/ERP/4.0/empresas/151/045/imagenes/t00010602/0178690041280.jpg;???
17;869;169;16083;0178690041282;SI;REC.GLASS;60x120 RLV.CROWN PEARL;A;SI;;0.0000;;PAMESA;PAMESA;L/32/02;8429991191245;;8429991773199;M2;2;1.44;32;46.08;34.25;1,121.00;122.00;84.00;75.00;;10.50;04/11/2025;PAMESA;PAMESA;GRES PORCELNICO ESMALTADO;0178690041282;;POLISHED;CROWN;MARMOL;;POLIVALENTE;DECORADO;RLV DECORADO;SATEN RECTIFICADO;VARIACION MODERADA;;SI;;;;CLASE 0;;;GRUPO BIa;GL Esmaltado;;;NO;;1600-2400 N - 35-45 N/mm2;1;017.869.0169.16083;60X120 RF;CATLOGO PAMESA;;;60;120;10.5;7200;60x120;RLV.CROWN;PEARL;https://www.pamesa.com/ERP/4.0/empresas/151/045/imagenes/t00010602/0178690041282.jpg;???
17;869;285;16083;0178690041281;SI;REC.GLASS;60x120 RLV.CROWN TAUPE;A;SI;;0.0000;;PAMESA;PAMESA;L/32/02;8429991191238;;8429991773199;M2;2;1.44;32;46.08;34.25;1,121.00;122.00;84.00;75.00;;10.50;04/11/2025;PAMESA;PAMESA;GRES PORCELNICO ESMALTADO;0178690041281;;POLISHED;CROWN;MARMOL;;POLIVALENTE;DECORADO;RLV DECORADO;SATEN RECTIFICADO;VARIACION MODERADA;;SI;;;;CLASE 0;;;GRUPO BIa;GL Esmaltado;;;NO;;1600-2400 N - 35-45 N/mm2;1;017.869.0285.16083;60X120 RF;CATLOGO PAMESA;;;60;120;10.5;7200;60x120;RLV.CROWN;TAUPE;https://www.pamesa.com/ERP/4.0/empresas/151/045/imagenes/t00010602/0178690041281.jpg;???
17;869;108;16083;0178690041279;SI;REC.GLASS;60x120 RLV.CROWN WHITE;A;SI;;0.0000;;PAMESA;PAMESA;L/32/02;8429991191214;;8429991773199;M2;2;1.44;32;46.08;34.25;1,121.00;122.00;84.00;75.00;;10.50;04/11/2025;PAMESA;PAMESA;GRES PORCELNICO ESMALTADO;0178690041279;;POLISHED;CROWN;MARMOL;;POLIVALENTE;DECORADO;RLV DECORADO;SATEN RECTIFICADO;VARIACION MODERADA;;SI;;;;CLASE 0;;;GRUPO BIa;GL Esmaltado;;;NO;;1600-2400 N - 35-45 N/mm2;1;017.869.0108.16083;60X120 RF;CATLOGO PAMESA;;;60;120;10.5;7200;60x120;RLV.CROWN;WHITE;https://www.pamesa.com/ERP/4.0/empresas/151/045/imagenes/t00010602/0178690041279.jpg;???
4;840;163;16061;0048400040998;SI;PUL.COMP.;60x60 CROWN CREAM;A;SI;;0.0000;POL06;PAMESA;PAMESA;F/30/04;8429991190026;;8429991773199;M2;4;1.44;30;43.20;30.00;920.00;120.00;80.00;73.50;;;29/10/2025;PAMESA;PAMESA;GRES PORCELNICO ESMALTADO PULIDO RECTF.;0048400040998;;POLISHED;CROWN;MARMOL;;POLIVALENTE;BASE;BASE;PULIDO;VARIACION MODERADA;;NO;;;;CLASE 0;;;GRUPO BIa;GL Esmaltado;;;NO;;1600-2400 N - 35-45 N/mm2;1;004.840.0163.16061;60X60;CATLOGO PAMESA;;;60;60;9;3600;60x60;CROWN;CREAM;https://www.pamesa.com/ERP/4.0/empresas/151/045/imagenes/t00010602/0048400040998.jpg;???
17;840;163;16061;0178400041004;SI;REC.GLASS;60x60 CROWN CREAM;A;SI;;0.0000;POL05;PAMESA;PAMESA;F/30/04;8429991190064;;8429991773199;M2;4;1.44;30;43.20;30.00;920.00;120.00;80.00;73.50;;;29/10/2025;PAMESA;PAMESA;GRES PORCELNICO ESMALTADO;0178400041004;;POLISHED;CROWN;MARMOL;;POLIVALENTE;BASE;BASE;SATEN RECTIFICADO;VARIACION MODERADA;;NO;;;;CLASE 0;;;GRUPO BIa;GL Esmaltado;;;NO;;1600-2400 N - 35-45 N/mm2;1;017.840.0163.16061;60X60;CATLOGO PAMESA;;;60;60;9;3600;60x60;CROWN;CREAM;https://www.pamesa.com/ERP/4.0/empresas/151/045/imagenes/t00010602/0178400041004.jpg;???
4;840;169;16061;0048400041002;SI;PUL.COMP.;60x60 CROWN PEARL;A;SI;;0.0000;POL06;PAMESA;PAMESA;F/30/04;8429991190040;;8429991773199;M2;4;1.44;30;43.20;30.00;920.00;120.00;80.00;73.50;;;29/10/2025;PAMESA;PAMESA;GRES PORCELNICO ESMALTADO PULIDO RECTF.;0048400041002;;POLISHED;CROWN;MARMOL;;POLIVALENTE;BASE;BASE;PULIDO;VARIACION MODERADA;;NO;;;;CLASE 0;;;GRUPO BIa;GL Esmaltado;;;NO;;1600-2400 N - 35-45 N/mm2;1;004.840.0169.16061;60X60;CATLOGO PAMESA;;;60;60;9;3600;60x60;CROWN;PEARL;https://www.pamesa.com/ERP/4.0/empresas/151/045/imagenes/t00010602/0048400041002.jpg;???
17;840;169;16061;0178400041006;SI;REC.GLASS;60x60 CROWN PEARL;A;SI;;0.0000;POL05;PAMESA;PAMESA;F/30/04;8429991190088;;8429991773199;M2;4;1.44;30;43.20;30.00;920.00;120.00;80.00;73.50;;;29/10/2025;PAMESA;PAMESA;GRES PORCELNICO ESMALTADO;0178400041006;;POLISHED;CROWN;MARMOL;;POLIVALENTE;BASE;BASE;SATEN RECTIFICADO;VARIACION MODERADA;;NO;;;;CLASE 0;;;GRUPO BIa;GL Esmaltado;;;NO;;1600-2400 N - 35-45 N/mm2;1;017.840.0169.16061;60X60;CATLOGO PAMESA;;;60;60;9;3600;60x60;CROWN;PEARL;https://www.pamesa.com/ERP/4.0/empresas/151/045/imagenes/t00010602/0178400041006.jpg;???
4;840;285;16061;0048400041000;SI;PUL.COMP.;60x60 CROWN TAUPE;A;SI;;0.0000;POL06;PAMESA;PAMESA;F/30/04;8429991190033;;8429991773199;M2;4;1.44;30;43.20;30.00;920.00;120.00;80.00;73.50;;;29/10/2025;PAMESA;PAMESA;GRES PORCELNICO ESMALTADO PULIDO RECTF.;0048400041000;;POLISHED;CROWN;MARMOL;;POLIVALENTE;BASE;BASE;PULIDO;VARIACION MODERADA;;NO;;;;CLASE 0;;;GRUPO BIa;GL Esmaltado;;;NO;;1600-2400 N - 35-45 N/mm2;1;004.840.0285.16061;60X60;CATLOGO PAMESA;;;60;60;9;3600;60x60;CROWN;TAUPE;https://www.pamesa.com/ERP/4.0/empresas/151/045/imagenes/t00010602/0048400041000.jpg;???
17;840;285;16061;0178400041005;SI;REC.GLASS;60x60 CROWN TAUPE;A;SI;;0.0000;POL05;PAMESA;PAMESA;F/30/04;8429991190071;;8429991773199;M2;4;1.44;30;43.20;30.00;920.00;120.00;80.00;73.50;;;29/10/2025;PAMESA;PAMESA;GRES PORCELNICO ESMALTADO;0178400041005;;POLISHED;CROWN;MARMOL;;POLIVALENTE;BASE;BASE;SATEN RECTIFICADO;VARIACION MODERADA;;NO;;;;CLASE 0;;;GRUPO BIa;GL Esmaltado;;;NO;;1600-2400 N - 35-45 N/mm2;1;017.840.0285.16061;60X60;CATLOGO PAMESA;;;60;60;9;3600;60x60;CROWN;TAUPE;https://www.pamesa.com/ERP/4.0/empresas/151/045/imagenes/t00010602/0178400041005.jpg;???
4;840;108;16061;0048400040996;SI;PUL.COMP.;60x60 CROWN WHITE;A;SI;;0.0000;POL06;PAMESA;PAMESA;F/30/04;8429991190019;;8429991773199;M2;4;1.44;30;43.20;30.00;920.00;120.00;80.00;73.50;;;29/10/2025;PAMESA;PAMESA;GRES PORCELNICO ESMALTADO PULIDO RECTF.;0048400040996;;POLISHED;CROWN;MARMOL;;POLIVALENTE;BASE;BASE;PULIDO;VARIACION MODERADA;;NO;;;;CLASE 0;;;GRUPO BIa;GL Esmaltado;;;NO;;1600-2400 N - 35-45 N/mm2;1;004.840.0108.16061;60X60;CATLOGO PAMESA;;;60;60;9;3600;60x60;CROWN;WHITE;https://www.pamesa.com/ERP/4.0/empresas/151/045/imagenes/t00010602/0048400040996.jpg;???
17;840;108;16061;0178400041003;SI;REC.GLASS;60x60 CROWN WHITE;A;SI;;0.0000;POL05;PAMESA;PAMESA;F/30/04;8429991190057;;8429991773199;M2;4;1.44;30;43.20;30.00;920.00;120.00;80.00;73.50;;;29/10/2025;PAMESA;PAMESA;GRES PORCELNICO ESMALTADO;0178400041003;;POLISHED;CROWN;MARMOL;;POLIVALENTE;BASE;BASE;SATEN RECTIFICADO;VARIACION MODERADA;;NO;;;;CLASE 0;;;GRUPO BIa;GL Esmaltado;;;NO;;1600-2400 N - 35-45 N/mm2;1;017.840.0108.16061;60X60;CATLOGO PAMESA;;;60;60;9;3600;60x60;CROWN;WHITE;https://www.pamesa.com/ERP/4.0/empresas/151/045/imagenes/t00010602/0178400041003.jpg;???
4;450;163;16061;0044500041016;SI;PUL.COMP.;30x60 (C) CROWN CREAM;A;SI;;0.0000;POL04;PAMESA;PAMESA;F/48/06;8429991190149;;8429991773199;M2;6;1.08;48;51.84;23.60;1,152.80;120.00;80.00;74.00;;9.50;29/10/2025;PAMESA;PAMESA;GRES PORCELNICO ESMALTADO PULIDO RECTF.;0044500041016;;POLISHED;CROWN;MARMOL;;POLIVALENTE;BASE;BASE;PULIDO;VARIACION MODERADA;;NO;;;;CLASE 0;;;GRUPO BIa;GL Esmaltado;;;NO;;1600-2400 N - 35-45 N/mm2;1;004.450.0163.16061;30X60 (C);CATLOGO PAMESA;;;30;60;9.5;1800;30x60;CROWN;CREAM;https://www.pamesa.com/ERP/4.0/empresas/151/045/imagenes/t00010602/0044500041016.jpg;???
17;450;163;16061;0174500041011;SI;REC.GLASS;30x60 (C) CROWN CREAM;A;SI;;0.0000;POL03;PAMESA;PAMESA;F/48/06;8429991190101;;8429991773199;M2;6;1.08;48;51.84;23.60;1,152.80;120.00;80.00;74.00;;9.50;29/10/2025;PAMESA;PAMESA;GRES PORCELNICO ESMALTADO;0174500041011;;POLISHED;CROWN;MARMOL;;POLIVALENTE;BASE;BASE;SATEN RECTIFICADO;VARIACION MODERADA;;NO;;;;CLASE 0;;;GRUPO BIa;GL Esmaltado;;;NO;;1600-2400 N - 35-45 N/mm2;1;017.450.0163.16061;30X60 (C);CATLOGO PAMESA;;;30;60;9.5;1800;30x60;CROWN;CREAM;https://www.pamesa.com/ERP/4.0/empresas/151/045/imagenes/t00010602/0174500041011.jpg;???
4;450;169;16061;0044500041018;SI;PUL.COMP.;30x60 (C) CROWN PEARL;A;SI;;0.0000;POL04;PAMESA;PAMESA;F/48/06;8429991190163;;8429991773199;M2;6;1.08;48;51.84;23.60;1,152.80;120.00;80.00;74.00;;9.50;29/10/2025;PAMESA;PAMESA;GRES PORCELNICO ESMALTADO PULIDO RECTF.;0044500041018;;POLISHED;CROWN;MARMOL;;POLIVALENTE;BASE;BASE;PULIDO;VARIACION MODERADA;;NO;;;;CLASE 0;;;GRUPO BIa;GL Esmaltado;;;NO;;1600-2400 N - 35-45 N/mm2;1;004.450.0169.16061;30X60 (C);CATLOGO PAMESA;;;30;60;9.5;1800;30x60;CROWN;PEARL;https://www.pamesa.com/ERP/4.0/empresas/151/045/imagenes/t00010602/0044500041018.jpg;???
17;450;169;16061;0174500041013;SI;REC.GLASS;30x60 (C) CROWN PEARL;A;SI;;0.0000;POL03;PAMESA;PAMESA;F/48/06;8429991190125;;8429991773199;M2;6;1.08;48;51.84;23.60;1,152.80;120.00;80.00;74.00;;9.50;29/10/2025;PAMESA;PAMESA;GRES PORCELNICO ESMALTADO;0174500041013;;POLISHED;CROWN;MARMOL;;POLIVALENTE;BASE;BASE;SATEN RECTIFICADO;VARIACION MODERADA;;NO;;;;CLASE 0;;;GRUPO BIa;GL Esmaltado;;;NO;;1600-2400 N - 35-45 N/mm2;1;017.450.0169.16061;30X60 (C);CATLOGO PAMESA;;;30;60;9.5;1800;30x60;CROWN;PEARL;https://www.pamesa.com/ERP/4.0/empresas/151/045/imagenes/t00010602/0174500041013.jpg;???
4;450;285;16061;0044500041017;SI;PUL.COMP.;30x60 (C) CROWN TAUPE;A;SI;;0.0000;POL04;PAMESA;PAMESA;F/48/06;8429991190156;;8429991773199;M2;6;1.08;48;51.84;23.60;1,152.80;120.00;80.00;74.00;;9.50;29/10/2025;PAMESA;PAMESA;GRES PORCELNICO ESMALTADO PULIDO RECTF.;0044500041017;;POLISHED;CROWN;MARMOL;;POLIVALENTE;BASE;BASE;PULIDO;VARIACION MODERADA;;NO;;;;CLASE 0;;;GRUPO BIa;GL Esmaltado;;;NO;;1600-2400 N - 35-45 N/mm2;1;004.450.0285.16061;30X60 (C);CATLOGO PAMESA;;;30;60;9.5;1800;30x60;CROWN;TAUPE;https://www.pamesa.com/ERP/4.0/empresas/151/045/imagenes/t00010602/0044500041017.jpg;???
17;450;285;16061;0174500041012;SI;REC.GLASS;30x60 (C) CROWN TAUPE;A;SI;;0.0000;POL03;PAMESA;PAMESA;F/48/06;8429991190118;;8429991773199;M2;6;1.08;48;51.84;23.60;1,152.80;120.00;80.00;74.00;;9.50;29/10/2025;PAMESA;PAMESA;GRES PORCELNICO ESMALTADO;0174500041012;;POLISHED;CROWN;MARMOL;;POLIVALENTE;BASE;BASE;SATEN RECTIFICADO;VARIACION MODERADA;;NO;;;;CLASE 0;;;GRUPO BIa;GL Esmaltado;;;NO;;1600-2400 N - 35-45 N/mm2;1;017.450.0285.16061;30X60 (C);CATLOGO PAMESA;;;30;60;9.5;1800;30x60;CROWN;TAUPE;https://www.pamesa.com/ERP/4.0/empresas/151/045/imagenes/t00010602/0174500041012.jpg;???
4;450;108;16061;0044500041015;SI;PUL.COMP.;30x60 (C) CROWN WHITE;A;SI;;0.0000;POL04;PAMESA;PAMESA;F/48/06;8429991190132;;8429991773199;M2;6;1.08;48;51.84;23.60;1,152.80;120.00;80.00;74.00;;9.50;29/10/2025;PAMESA;PAMESA;GRES PORCELNICO ESMALTADO PULIDO RECTF.;0044500041015;;POLISHED;CROWN;MARMOL;;POLIVALENTE;BASE;BASE;PULIDO;VARIACION MODERADA;;NO;;;;CLASE 0;;;GRUPO BIa;GL Esmaltado;;;NO;;1600-2400 N - 35-45 N/mm2;1;004.450.0108.16061;30X60 (C);CATLOGO PAMESA;;;30;60;9.5;1800;30x60;CROWN;WHITE;https://www.pamesa.com/ERP/4.0/empresas/151/045/imagenes/t00010602/0044500041015.jpg;???
17;450;108;16061;0174500041010;SI;REC.GLASS;30x60 (C) CROWN WHITE;A;SI;;0.0000;POL03;PAMESA;PAMESA;F/48/06;8429991190095;;8429991773199;M2;6;1.08;48;51.84;23.60;1,152.80;120.00;80.00;74.00;;9.50;29/10/2025;PAMESA;PAMESA;GRES PORCELNICO ESMALTADO;0174500041010;;POLISHED;CROWN;MARMOL;;POLIVALENTE;BASE;BASE;SATEN RECTIFICADO;VARIACION MODERADA;;NO;;;;CLASE 0;;;GRUPO BIa;GL Esmaltado;;;NO;;1600-2400 N - 35-45 N/mm2;1;017.450.0108.16061;30X60 (C);CATLOGO PAMESA;;;30;60;9.5;1800;30x60;CROWN;WHITE;https://www.pamesa.com/ERP/4.0/empresas/151/045/imagenes/t00010602/0174500041010.jpg;???
4;120;150;16104;0041200041483;SI;PUL.COMP.;120x120 NAMIBIA BIANCO;A;SI;;0.0000;POL19;PAMESA;PAMESA;23/36/01;8429991191993;;8429991773199;M2;1;1.44;36;51.84;34.36;1,276.96;126.00;126.00;71.00;;;06/11/2025;PAMESA;PAMESA;GRES PORCELNICO ESMALTADO PULIDO RECTF.;0041200041483;;POLISHED;NAMIBIA;MARMOL;;POLIVALENTE;BASE;BASE;PULIDO;VARIACION LEVE;;NO;;;;CLASE 0;;;GRUPO BIa;GL Esmaltado;;;NO;;1600-2400 N - 35-45 N/mm2;1;004.120.0150.16104;120X120;CATLOGO PAMESA;;;120;120;10.2;14400;120x120;NAMIBIA;BIANCO;https://www.pamesa.com/ERP/4.0/empresas/151/045/imagenes/t00010602/0041200041483.jpg;???
17;120;150;16104;0171200041484;SI;REC.GLASS;120x120 NAMIBIA BIANCO;A;SI;;0.0000;POL18;PAMESA;PAMESA;23/36/01;8429991192006;;8429991773199;M2;1;1.44;36;51.84;34.36;1,276.96;126.00;126.00;71.00;;;06/11/2025;PAMESA;PAMESA;GRES PORCELNICO ESMALTADO;0171200041484;;POLISHED;NAMIBIA;MARMOL;;POLIVALENTE;BASE;BASE;SATEN RECTIFICADO;VARIACION LEVE;;NO;;;;CLASE 0;;;GRUPO BIa;GL Esmaltado;;;NO;;1600-2400 N - 35-45 N/mm2;1;017.120.0150.16104;120X120;CATLOGO PAMESA;;;120;120;10.2;14400;120x120;NAMIBIA;BIANCO;https://www.pamesa.com/ERP/4.0/empresas/151/045/imagenes/t00010602/0171200041484.jpg;???
4;869;150;16104;0048690041486;SI;PUL.COMP.;60x120 NAMIBIA BIANCO;A;SI;;0.0000;POL13;PAMESA;PAMESA;L/32/02;8429991192013;;8429991773199;M2;2;1.44;32;46.08;34.25;1,121.00;122.00;84.00;75.00;;10.50;06/11/2025;PAMESA;PAMESA;GRES PORCELNICO ESMALTADO PULIDO RECTF.;0048690041486;;POLISHED;NAMIBIA;MARMOL;;POLIVALENTE;BASE;BASE;PULIDO;VARIACION LEVE;;NO;;;;CLASE 0;;;GRUPO BIa;GL Esmaltado;;;NO;;1600-2400 N - 35-45 N/mm2;1;004.869.0150.16104;60X120 RF;CATLOGO PAMESA;;;60;120;10.5;7200;60x120;NAMIBIA;BIANCO;https://www.pamesa.com/ERP/4.0/empresas/151/045/imagenes/t00010602/0048690041486.jpg;???
17;869;150;16104;0178690041487;SI;REC.GLASS;60x120 NAMIBIA BIANCO;A;SI;;0.0000;POL12;PAMESA;PAMESA;L/32/02;8429991192020;;8429991773199;M2;2;1.44;32;46.08;34.25;1,121.00;122.00;84.00;75.00;;10.50;06/11/2025;PAMESA;PAMESA;GRES PORCELNICO ESMALTADO;0178690041487;;POLISHED;NAMIBIA;MARMOL;;POLIVALENTE;BASE;BASE;SATEN RECTIFICADO;VARIACION LEVE;;NO;;;;CLASE 0;;;GRUPO BIa;GL Esmaltado;;;NO;;1600-2400 N - 35-45 N/mm2;1;017.869.0150.16104;60X120 RF;CATLOGO PAMESA;;;60;120;10.5;7200;60x120;NAMIBIA;BIANCO;https://www.pamesa.com/ERP/4.0/empresas/151/045/imagenes/t00010602/0178690041487.jpg;???
17;869;150;16105;0178690041492;SI;REC.GLASS;60x120 RLV.NAMIBIA BIANCO;A;SI;;0.0000;;PAMESA;PAMESA;F/30/02;8429991192051;;8429991773199;M2;2;1.44;30;43.20;33.20;1,016.00;120.00;80.00;75.00;;;06/11/2025;PAMESA;PAMESA;GRES PORCELNICO ESMALTADO;0178690041492;;POLISHED;NAMIBIA;MARMOL;;POLIVALENTE;DECORADO;RLV DECORADO;SATEN RECTIFICADO;VARIACION LEVE;;SI;;;;CLASE 0;;;GRUPO BIa;GL Esmaltado;;;NO;;1600-2400 N - 35-45 N/mm2;1;017.869.0150.16105;60X120;CATLOGO PAMESA;;;60;120;10.5;7200;60x120;RLV.NAMIBIA;BIANCO;https://www.pamesa.com/ERP/4.0/empresas/151/045/imagenes/t00010602/0178690041492.jpg;???
4;840;150;16104;0048400041489;SI;PUL.COMP.;60x60 NAMIBIA BIANCO;A;SI;;0.0000;POL04;PAMESA;PAMESA;F/30/04;8429991192037;;8429991773199;M2;4;1.44;30;43.20;30.00;920.00;120.00;80.00;73.50;;;06/11/2025;PAMESA;PAMESA;GRES PORCELNICO ESMALTADO PULIDO RECTF.;0048400041489;;POLISHED;NAMIBIA;MARMOL;;POLIVALENTE;BASE;BASE;PULIDO;VARIACION LEVE;;NO;;;;CLASE 0;;;GRUPO BIa;GL Esmaltado;;;NO;;1600-2400 N - 35-45 N/mm2;1;004.840.0150.16104;60X60;CATLOGO PAMESA;;;60;60;9;3600;60x60;NAMIBIA;BIANCO;https://www.pamesa.com/ERP/4.0/empresas/151/045/imagenes/t00010602/0048400041489.jpg;???
17;840;150;16104;0178400041490;SI;REC.GLASS;60x60 NAMIBIA BIANCO;A;SI;;0.0000;POL03;PAMESA;PAMESA;F/30/04;8429991192044;;8429991773199;M2;4;1.44;30;43.20;30.00;920.00;120.00;80.00;73.50;;;06/11/2025;PAMESA;PAMESA;GRES PORCELNICO ESMALTADO;0178400041490;;POLISHED;NAMIBIA;MARMOL;;POLIVALENTE;BASE;BASE;SATEN RECTIFICADO;VARIACION LEVE;;NO;;;;CLASE 0;;;GRUPO BIa;GL Esmaltado;;;NO;;1600-2400 N - 35-45 N/mm2;1;017.840.0150.16104;60X60;CATLOGO PAMESA;;;60;60;9;3600;60x60;NAMIBIA;BIANCO;https://www.pamesa.com/ERP/4.0/empresas/151/045/imagenes/t00010602/0178400041490.jpg;???
4;450;150;16104;0044500041681;SI;PUL.COMP.;30x60 (C) NAMIBIA BIANCO;A;SI;;0.0000;POL04;PAMESA;PAMESA;F/48/06;8429991192785;;8429991773199;M2;6;1.08;48;51.84;23.60;1,152.80;120.00;80.00;74.00;;9.50;07/11/2025;PAMESA;PAMESA;GRES PORCELNICO ESMALTADO PULIDO RECTF.;0044500041681;;POLISHED;NAMIBIA;MARMOL;;POLIVALENTE;BASE;BASE;PULIDO;VARIACION LEVE;;NO;;;;CLASE 0;;;GRUPO BIa;GL Esmaltado;;;NO;;1600-2400 N - 35-45 N/mm2;1;004.450.0150.16104;30X60 (C);CATLOGO PAMESA;;;30;60;9.5;1800;30x60;NAMIBIA;BIANCO;https://www.pamesa.com/ERP/4.0/empresas/151/045/imagenes/t00010602/0044500041681.jpg;???
17;450;150;16104;0174500041682;SI;REC.GLASS;30x60 (C) NAMIBIA BIANCO;A;SI;;0.0000;POL03;PAMESA;PAMESA;F/48/06;8429991192778;;8429991773199;M2;6;1.08;48;51.84;23.60;1,152.80;120.00;80.00;74.00;;9.50;07/11/2025;PAMESA;PAMESA;GRES PORCELNICO ESMALTADO;0174500041682;;POLISHED;NAMIBIA;MARMOL;;POLIVALENTE;BASE;BASE;SATEN RECTIFICADO;VARIACION LEVE;;NO;;;;CLASE 0;;;GRUPO BIa;GL Esmaltado;;;NO;;1600-2400 N - 35-45 N/mm2;1;017.450.0150.16104;30X60 (C);CATLOGO PAMESA;;;30;60;9.5;1800;30x60;NAMIBIA;BIANCO;https://www.pamesa.com/ERP/4.0/empresas/151/045/imagenes/t00010602/0174500041682.jpg;???
17;120;364;15925;0171200038762;SI;REC.GLASS;120x120 PAMSTONE DESERT;A;SI;;0.0000;;PAMESA;PAMESA;23/36/01;8429991182892;;8429991773199;M2;1;1.44;36;51.84;34.36;1,276.96;126.00;126.00;71.00;;;03/10/2025;PAMESA;PAMESA;GRES PORCELNICO;0171200038762;;SOLID;PAMSTONE;PIEDRA;;POLIVALENTE;BASE;BASE;MATE RECTIFICADO;VARIACION MODERADA;;SI;;;;CLASE 1;;;GRUPO BIa;GL Esmaltado;;;NO;;1600-2400 N - 35-45 N/mm2;1;017.120.0364.15925;120X120;CATLOGO PAMESA;;;120;120;10.2;14400;120x120;PAMSTONE;DESERT;https://www.pamesa.com/ERP/4.0/empresas/151/045/imagenes/t00010602/0171200038762.jpg;???
17;120;161;15925;0171200038756;SI;REC.GLASS;120x120 PAMSTONE GREY;A;SI;;0.0000;;PAMESA;PAMESA;23/36/01;8429991182885;;8429991773199;M2;1;1.44;36;51.84;34.36;1,276.96;126.00;126.00;71.00;;;03/10/2025;PAMESA;PAMESA;GRES PORCELNICO;0171200038756;;SOLID;PAMSTONE;PIEDRA;;POLIVALENTE;BASE;BASE;MATE RECTIFICADO;VARIACION MODERADA;;SI;;;;CLASE 1;;;GRUPO BIa;GL Esmaltado;;;NO;;1600-2400 N - 35-45 N/mm2;1;017.120.0161.15925;120X120;CATLOGO PAMESA;;;120;120;10.2;14400;120x120;PAMSTONE;GREY;https://www.pamesa.com/ERP/4.0/empresas/151/045/imagenes/t00010602/0171200038756.jpg;???
17;120;667;15925;0171200038479;SI;REC.GLASS;120x120 PAMSTONE ICE;A;SI;;0.0000;;PAMESA;PAMESA;23/36/01;8429991181833;;8429991773199;M2;1;1.44;36;51.84;34.36;1,276.96;126.00;126.00;71.00;;;01/10/2025;PAMESA;PAMESA;GRES PORCELNICO;0171200038479;;SOLID;PAMSTONE;PIEDRA;;POLIVALENTE;BASE;BASE;MATE RECTIFICADO;VARIACION MODERADA;;SI;;;;CLASE 1;;;GRUPO BIa;GL Esmaltado;;;NO;;1600-2400 N - 35-45 N/mm2;1;017.120.0667.15925;120X120;CATLOGO PAMESA;;;120;120;10.2;14400;120x120;PAMSTONE;ICE;https://www.pamesa.com/ERP/4.0/empresas/151/045/imagenes/t00010602/0171200038479.jpg;???
17;120;1074;15925;0171200038765;SI;REC.GLASS;120x120 PAMSTONE LAVA;A;SI;;0.0000;;PAMESA;PAMESA;23/36/01;8429991182922;;8429991773199;M2;1;1.44;36;51.84;34.36;1,276.96;126.00;126.00;71.00;;;03/10/2025;PAMESA;PAMESA;GRES PORCELNICO;0171200038765;;SOLID;PAMSTONE;PIEDRA;;POLIVALENTE;BASE;BASE;MATE RECTIFICADO;VARIACION MODERADA;;SI;;;;CLASE 1;;;GRUPO BIa;GL Esmaltado;;;NO;;1600-2400 N - 35-45 N/mm2;1;017.120.1074.15925;120X120;CATLOGO PAMESA;;;120;120;10.2;14400;120x120;PAMSTONE;LAVA;https://www.pamesa.com/ERP/4.0/empresas/151/045/imagenes/t00010602/0171200038765.jpg;???
17;120;240;15925;0171200038763;SI;REC.GLASS;120x120 PAMSTONE MOKA;A;SI;;0.0000;;PAMESA;PAMESA;23/36/01;8429991182908;;8429991773199;M2;1;1.44;36;51.84;34.36;1,276.96;126.00;126.00;71.00;;;03/10/2025;PAMESA;PAMESA;GRES PORCELNICO;0171200038763;;SOLID;PAMSTONE;PIEDRA;;POLIVALENTE;BASE;BASE;MATE RECTIFICADO;VARIACION MODERADA;;SI;;;;CLASE 1;;;GRUPO BIa;GL Esmaltado;;;NO;;1600-2400 N - 35-45 N/mm2;1;017.120.0240.15925;120X120;CATLOGO PAMESA;;;120;120;10.2;14400;120x120;PAMSTONE;MOKA;https://www.pamesa.com/ERP/4.0/empresas/151/045/imagenes/t00010602/0171200038763.jpg;???
17;120;169;15925;0171200038764;SI;REC.GLASS;120x120 PAMSTONE PEARL;A;SI;;0.0000;;PAMESA;PAMESA;23/36/01;8429991182915;;8429991773199;M2;1;1.44;36;51.84;34.36;1,276.96;126.00;126.00;71.00;;;03/10/2025;PAMESA;PAMESA;GRES PORCELNICO;0171200038764;;SOLID;PAMSTONE;PIEDRA;;POLIVALENTE;BASE;BASE;MATE RECTIFICADO;VARIACION MODERADA;;SI;;;;CLASE 1;;;GRUPO BIa;GL Esmaltado;;;NO;;1600-2400 N - 35-45 N/mm2;1;017.120.0169.15925;120X120;CATLOGO PAMESA;;;120;120;10.2;14400;120x120;PAMSTONE;PEARL;https://www.pamesa.com/ERP/4.0/empresas/151/045/imagenes/t00010602/0171200038764.jpg;???
17;250;364;15925;0172500038768;SI;REC.GLASS;60x120(n) PAMSTONE DESERT;A;SI;;0.0000;;PAMESA;PAMESA;L/36/02 RF;8429991182946;;8429991773199;M2;2;1.44;36;51.84;28.62;1,055.32;122.00;84.00;73.50;;;03/10/2025;PAMESA;PAMESA;GRES PORCELNICO;0172500038768;;SOLID;PAMSTONE;PIEDRA;;POLIVALENTE;BASE;BASE;MATE RECTIFICADO;VARIACION MODERADA;;SI;;;;CLASE 1;;;GRUPO BIa;GL Esmaltado;;;NO;;1600-2400 N - 35-45 N/mm2;1;017.250.0364.15925;60X120(n);CATLOGO PAMESA;;;60;120;9;7200;60x120;PAMSTONE;DESERT;https://www.pamesa.com/ERP/4.0/empresas/151/045/imagenes/t00010602/0172500038768.jpg;???
17;250;161;15925;0172500038767;SI;REC.GLASS;60x120(n) PAMSTONE GREY;A;SI;;0.0000;;PAMESA;PAMESA;L/36/02 RF;8429991182939;;8429991773199;M2;2;1.44;36;51.84;28.62;1,055.32;122.00;84.00;73.50;;;03/10/2025;PAMESA;PAMESA;GRES PORCELNICO;0172500038767;;SOLID;PAMSTONE;PIEDRA;;POLIVALENTE;BASE;BASE;MATE RECTIFICADO;VARIACION MODERADA;;SI;;;;CLASE 1;;;GRUPO BIa;GL Esmaltado;;;NO;;1600-2400 N - 35-45 N/mm2;1;017.250.0161.15925;60X120(n);CATLOGO PAMESA;;;60;120;9;7200;60x120;PAMSTONE;GREY;https://www.pamesa.com/ERP/4.0/empresas/151/045/imagenes/t00010602/0172500038767.jpg;???
17;250;667;15925;0172500038480;SI;REC.GLASS;60x120(n) PAMSTONE ICE;A;SI;;0.0000;;PAMESA;PAMESA;F/50/02;8429991181840;;8429991773199;M2;2;1.44;50;72.00;25.00;1,270.00;120.00;80.00;;;;01/10/2025;PAMESA;PAMESA;GRES PORCELNICO;0172500038480;;SOLID;PAMSTONE;PIEDRA;;POLIVALENTE;BASE;BASE;MATE RECTIFICADO;VARIACION MODERADA;;SI;;;;CLASE 1;;;GRUPO BIa;GL Esmaltado;;;NO;;1600-2400 N - 35-45 N/mm2;1;017.250.0667.15925;60x120(n);CATLOGO PAMESA;;;60;120;9;7200;60x120;PAMSTONE;ICE;https://www.pamesa.com/ERP/4.0/empresas/151/045/imagenes/t00010602/0172500038480.jpg;???
17;250;1074;15925;0172500038771;SI;REC.GLASS;60x120(n) PAMSTONE LAVA;A;SI;;0.0000;;PAMESA;PAMESA;L/36/02 RF;8429991182977;;8429991773199;M2;2;1.44;36;51.84;28.62;1,055.32;122.00;84.00;73.50;;;03/10/2025;PAMESA;PAMESA;GRES PORCELNICO;0172500038771;;SOLID;PAMSTONE;PIEDRA;;POLIVALENTE;BASE;BASE;MATE RECTIFICADO;VARIACION MODERADA;;SI;;;;CLASE 1;;;GRUPO BIa;GL Esmaltado;;;NO;;1600-2400 N - 35-45 N/mm2;1;017.250.1074.15925;60X120(n);CATLOGO PAMESA;;;60;120;9;7200;60x120;PAMSTONE;LAVA;https://www.pamesa.com/ERP/4.0/empresas/151/045/imagenes/t00010602/0172500038771.jpg;???
17;250;240;15925;0172500038769;SI;REC.GLASS;60x120(n) PAMSTONE MOKA;A;SI;;0.0000;;PAMESA;PAMESA;L/36/02 RF;8429991182953;;8429991773199;M2;2;1.44;36;51.84;28.62;1,055.32;122.00;84.00;73.50;;;03/10/2025;PAMESA;PAMESA;GRES PORCELNICO;0172500038769;;SOLID;PAMSTONE;PIEDRA;;POLIVALENTE;BASE;BASE;MATE RECTIFICADO;VARIACION MODERADA;;SI;;;;CLASE 1;;;GRUPO BIa;GL Esmaltado;;;NO;;1600-2400 N - 35-45 N/mm2;1;017.250.0240.15925;60X120(n);CATLOGO PAMESA;;;60;120;9;7200;60x120;PAMSTONE;MOKA;https://www.pamesa.com/ERP/4.0/empresas/151/045/imagenes/t00010602/0172500038769.jpg;???
17;250;169;15925;0172500038770;SI;REC.GLASS;60x120(n) PAMSTONE PEARL;A;SI;;0.0000;;PAMESA;PAMESA;L/36/02 RF;8429991182960;;8429991773199;M2;2;1.44;36;51.84;28.62;1,055.32;122.00;84.00;73.50;;;03/10/2025;PAMESA;PAMESA;GRES PORCELNICO;0172500038770;;SOLID;PAMSTONE;PIEDRA;;POLIVALENTE;BASE;BASE;MATE RECTIFICADO;VARIACION MODERADA;;SI;;;;CLASE 1;;;GRUPO BIa;GL Esmaltado;;;NO;;1600-2400 N - 35-45 N/mm2;1;017.250.0169.15925;60X120(n);CATLOGO PAMESA;;;60;120;9;7200;60x120;PAMSTONE;PEARL;https://www.pamesa.com/ERP/4.0/empresas/151/045/imagenes/t00010602/0172500038770.jpg;???
17;250;364;15905;0172500038799;SI;REC.GLASS;60x120(n) RLV.PAMSTONE DESERT;A;SI;;0.0000;;PAMESA;PAMESA;L/36/02 RF;8429991183066;;8429991773199;M2;2;1.44;36;51.84;28.62;1,055.32;122.00;84.00;73.50;;;03/10/2025;PAMESA;PAMESA;GRES PORCELNICO;0172500038799;;SOLID;PAMSTONE;PIEDRA;;POLIVALENTE;DECORADO;RLV DECORADO;MATE RECTIFICADO;VARIACION MODERADA;;;;;;;;;GRUPO BIa;GL Esmaltado;;;NO;;1600-2400 N - 35-45 N/mm2;1;017.250.0364.15905;60X120(n);CATLOGO PAMESA;;;60;120;9;7200;60x120;RLV.PAMSTONE;DESERT;https://www.pamesa.com/ERP/4.0/empresas/151/045/imagenes/t00010602/0172500038799.jpg;???
17;250;161;15905;0172500038795;SI;REC.GLASS;60x120(n) RLV.PAMSTONE GREY;A;SI;;0.0000;;PAMESA;PAMESA;L/36/02 RF;8429991183035;;8429991773199;M2;2;1.44;36;51.84;28.62;1,055.32;122.00;84.00;73.50;;;03/10/2025;PAMESA;PAMESA;GRES PORCELNICO;0172500038795;;SOLID;PAMSTONE;PIEDRA;;POLIVALENTE;DECORADO;RLV DECORADO;MATE RECTIFICADO;VARIACION MODERADA;;;;;;;;;GRUPO BIa;GL Esmaltado;;;NO;;1600-2400 N - 35-45 N/mm2;1;017.250.0161.15905;60X120(n);CATLOGO PAMESA;;;60;120;9;7200;60x120;RLV.PAMSTONE;GREY;https://www.pamesa.com/ERP/4.0/empresas/151/045/imagenes/t00010602/0172500038795.jpg;???
17;250;667;15905;0172500038093;SI;REC.GLASS;60x120(n) RLV.PAMSTONE ICE;A;SI;;0.0000;;PAMESA;PAMESA;L/36/02 RF;8429991180478;;8429991773199;M2;2;1.44;36;51.84;28.62;1,055.32;122.00;84.00;73.50;;;29/09/2025;PAMESA;PAMESA;GRES PORCELNICO;0172500038093;;SOLID;PAMSTONE;PIEDRA;;POLIVALENTE;DECORADO;RLV DECORADO;MATE RECTIFICADO;VARIACION MODERADA;;;;;;;;;GRUPO BIa;GL Esmaltado;;;NO;;1600-2400 N - 35-45 N/mm2;1;017.250.0667.15905;60X120(n);CATLOGO PAMESA;;;60;120;9;7200;60x120;RLV.PAMSTONE;ICE;https://www.pamesa.com/ERP/4.0/empresas/151/045/imagenes/t00010602/0172500038093.jpg;???
17;250;1074;15905;0172500038800;SI;REC.GLASS;60x120(n) RLV.PAMSTONE LAVA;A;SI;;0.0000;;PAMESA;PAMESA;L/36/02 RF;8429991183073;;8429991773199;M2;2;1.44;36;51.84;28.62;1,055.32;122.00;84.00;73.50;;;03/10/2025;PAMESA;PAMESA;GRES PORCELNICO;0172500038800;;SOLID;PAMSTONE;PIEDRA;;POLIVALENTE;DECORADO;RLV DECORADO;MATE RECTIFICADO;VARIACION MODERADA;;;;;;;;;GRUPO BIa;GL Esmaltado;;;NO;;1600-2400 N - 35-45 N/mm2;1;017.250.1074.15905;60X120(n);CATLOGO PAMESA;;;60;120;9;7200;60x120;RLV.PAMSTONE;LAVA;https://www.pamesa.com/ERP/4.0/empresas/151/045/imagenes/t00010602/0172500038800.jpg;???
17;250;240;15905;0172500038796;SI;REC.GLASS;60x120(n) RLV.PAMSTONE MOKA;A;SI;;0.0000;;PAMESA;PAMESA;L/36/02 RF;8429991183042;;8429991773199;M2;2;1.44;36;51.84;28.62;1,055.32;122.00;84.00;73.50;;;03/10/2025;PAMESA;PAMESA;GRES PORCELNICO;0172500038796;;SOLID;PAMSTONE;PIEDRA;;POLIVALENTE;DECORADO;RLV DECORADO;MATE RECTIFICADO;VARIACION MODERADA;;;;;;;;;GRUPO BIa;GL Esmaltado;;;NO;;1600-2400 N - 35-45 N/mm2;1;017.250.0240.15905;60X120(n);CATLOGO PAMESA;;;60;120;9;7200;60x120;RLV.PAMSTONE;MOKA;https://www.pamesa.com/ERP/4.0/empresas/151/045/imagenes/t00010602/0172500038796.jpg;???
17;250;169;15905;0172500038797;SI;REC.GLASS;60x120(n) RLV.PAMSTONE PEARL;A;SI;;0.0000;;PAMESA;PAMESA;L/36/02 RF;8429991183059;;8429991773199;M2;2;1.44;36;51.84;28.62;1,055.32;122.00;84.00;73.50;;;03/10/2025;PAMESA;PAMESA;GRES PORCELNICO;0172500038797;;SOLID;PAMSTONE;PIEDRA;;POLIVALENTE;DECORADO;RLV DECORADO;MATE RECTIFICADO;VARIACION MODERADA;;;;;;;;;GRUPO BIa;GL Esmaltado;;;NO;;1600-2400 N - 35-45 N/mm2;1;017.250.0169.15905;60X120(n);CATLOGO PAMESA;;;60;120;9;7200;60x120;RLV.PAMSTONE;PEARL;https://www.pamesa.com/ERP/4.0/empresas/151/045/imagenes/t00010602/0172500038797.jpg;???
52;961;184;16193;0529610042780;SI;SLIM MATE RECTIF.;120x280(6mm) OPULUS DARK;A;SI;;0.0000;;PAMESA;PAMESA;05/20/01;8429991198466;;8429991773199;M2;1;3.36;20;67.20;52.00;1,140.00;290.00;140.00;36.00;;;21/11/2025;PAMESA;PAMESA;GRES PORCELNICO;0529610042780;;TECH;OPULUS;PIEDRA;;POLIVALENTE;BASE;BASE;MATE RECTIFICADO;VARIACION MODERADA;;;;;;CLASE 1;R9;;GRUPO BIa;GL Esmaltado;;;NO;;>700 N - 35-45 N/mm2;1;052.961.0184.16193;120X280(6MM);CATLOGO PAMESA;;;120;280;6;33600;120x280;OPULUS;DARK;https://www.pamesa.com/ERP/4.0/empresas/151/045/imagenes/t00010602/0529610042780.jpg;???
85;2;184;16193;0850020042785;SI;GR.CEPILLADA;120x120(T) OPULUS DARK;A;SI;;0.0000;TECH08;PAMESA;PAMESA;23/24/02;8429991198497;;8429991773199;M2;2;2.88;24;69.12;53.00;1,312.00;126.00;126.00;76.00;;7.80;21/11/2025;PAMESA;PAMESA;GRES PORCELNICO;0850020042785;;TECH;OPULUS;PIEDRA;;POLIVALENTE;BASE;BASE;MATE RECTIFICADO;VARIACION MODERADA;;NO;;;;CLASE 1;R9;;GRUPO BIa;GL Esmaltado;;;NO;;1600-2400 N - 35-45 N/mm2;1;085.002.0184.16193;120X120(T);CATLOGO PAMESA;;;120;120;7.8;14400;120x120;OPULUS;DARK;https://www.pamesa.com/ERP/4.0/empresas/151/045/imagenes/t00010602/0850020042785.jpg;???
85;22;184;16193;0850220042784;SI;GR.CEPILLADA;60X120(T)C OPULUS DARK;A;SI;;0.0000;TECH07;PAMESA;PAMESA;24/40/02;8429991198503;;8429991773199;M2;2;1.44;40;57.60;27.00;1,110.00;122.00;84.00;73.50;;7.80;21/11/2025;PAMESA;PAMESA;GRES PORCELNICO;0850220042784;;TECH;OPULUS;PIEDRA;;POLIVALENTE;BASE;BASE;MATE RECTIFICADO;VARIACION MODERADA;;NO;;;;CLASE 1;R9;;GRUPO BIa;GL Esmaltado;;;NO;;1600-2400 N - 35-45 N/mm2;1;085.022.0184.16193;60X120(T)C;CATLOGO PAMESA;;;60;120;7.8;7200;60x120;OPULUS;DARK;https://www.pamesa.com/ERP/4.0/empresas/151/045/imagenes/t00010602/0850220042784.jpg;???
85;17;184;16193;0850170042786;SI;GR.CEPILLADA;60X60(T)C OPULUS DARK;A;SI;;0.0000;TECH06;PAMESA;PAMESA;F/40/04;8429991198510;;8429991773199;M2;4;1.44;40;57.60;27.00;1,100.00;120.00;80.00;73.50;;7.80;21/11/2025;PAMESA;PAMESA;GRES PORCELNICO;0850170042786;;TECH;OPULUS;PIEDRA;;POLIVALENTE;BASE;BASE;MATE RECTIFICADO;VARIACION MODERADA;;NO;;;;CLASE 1;R9;;GRUPO BIa;GL Esmaltado;;;NO;;1600-2400 N - 35-45 N/mm2;1;085.017.0184.16193;60X60(T)C;CATLOGO PAMESA;;;60;60;7.8;3600;60x60;OPULUS;DARK;https://www.pamesa.com/ERP/4.0/empresas/151/045/imagenes/t00010602/0850170042786.jpg;???
85;21;184;16193;0850210042788;SI;GR.CEPILLADA;30X60(T)C OPULUS DARK;A;SI;;0.0000;TECH05;PAMESA;PAMESA;24/42/08;8429991198527;;8429991773199;M2;8;1.44;42;60.48;24.00;1,038.00;122.00;84.00;73.50;;7.80;21/11/2025;PAMESA;PAMESA;GRES PORCELNICO;0850210042788;;TECH;OPULUS;PIEDRA;;POLIVALENTE;BASE;BASE;MATE RECTIFICADO;VARIACION MODERADA;;NO;;;;CLASE 1;R9;;GRUPO BIa;GL Esmaltado;;;NO;;1600-2400 N - 35-45 N/mm2;1;085.021.0184.16193;30X60(T)C;CATLOGO PAMESA;;;30;60;7.8;1800;30x60;OPULUS;DARK;https://www.pamesa.com/ERP/4.0/empresas/151/045/imagenes/t00010602/0850210042788.jpg;???
27;422;169;16205;0274220042695;NO;PASTA BLANCA;30x60 LORIS PEARL;A;SI;;0.0000;WHT20;PAMESA;PAMESA;F/48/10 PB;8429991199203;;8429991773281;M2;10;1.80;48;86.40;25.00;1,220.00;120.00;80.00;;;8.00;25/11/2025;PAMESA;;REVESTIMIENTO PASTA BLANCA;0274220042695;;WHITE BODY;LORIS;PIEDRA;;REVESTIMIENTO;BASE;BASE;MATE;VARIACION MODERADA;;NO;;;;SIN CLASE;;;GRUPO BIII;GL Esmaltado;;;NO;;600-900 N - 15-25 N/mm2;1;027.422.0169.16205;30x60 PB.;;;;30;60;8;1800;30x60;LORIS;PEARL;https://www.pamesa.com/ERP/4.0/empresas/151/045/imagenes/t00010602/0274220042695.jpg;???
27;422;119;16205;0274220042693;NO;PASTA BLANCA;30x60 LORIS SAND;A;SI;;0.0000;WHT20;PAMESA;PAMESA;F/48/10 PB;8429991199197;;8429991773281;M2;10;1.80;48;86.40;25.00;1,220.00;120.00;80.00;;;8.00;25/11/2025;PAMESA;;REVESTIMIENTO PASTA BLANCA;0274220042693;;WHITE BODY;LORIS;PIEDRA;;REVESTIMIENTO;BASE;BASE;MATE;VARIACION MODERADA;;NO;;;;SIN CLASE;;;GRUPO BIII;GL Esmaltado;;;NO;;600-900 N - 15-25 N/mm2;1;027.422.0119.16205;30x60 PB.;;;;30;60;8;1800;30x60;LORIS;SAND;https://www.pamesa.com/ERP/4.0/empresas/151/045/imagenes/t00010602/0274220042693.jpg;???
27;422;108;16205;0274220042692;NO;PASTA BLANCA;30x60 LORIS WHITE;A;SI;;0.0000;WHT20;PAMESA;PAMESA;F/48/10 PB;8429991199180;;8429991773281;M2;10;1.80;48;86.40;25.00;1,220.00;120.00;80.00;;;8.00;25/11/2025;PAMESA;;REVESTIMIENTO PASTA BLANCA;0274220042692;;WHITE BODY;LORIS;PIEDRA;;REVESTIMIENTO;BASE;BASE;MATE;VARIACION MODERADA;;NO;;;;SIN CLASE;;;GRUPO BIII;GL Esmaltado;;;NO;;600-900 N - 15-25 N/mm2;1;027.422.0108.16205;30x60 PB.;;;;30;60;8;1800;30x60;LORIS;WHITE;https://www.pamesa.com/ERP/4.0/empresas/151/045/imagenes/t00010602/0274220042692.jpg;???
27;422;169;16206;0274220042876;NO;PASTA BLANCA;30x60 RLV.LORIS PEARL;A;SI;;0.0000;WHT21;PAMESA;PAMESA;F/48/10 PB;8429991199173;;8429991773281;M2;10;1.80;48;86.40;25.00;1,220.00;120.00;80.00;;;8.00;25/11/2025;PAMESA;;REVESTIMIENTO PASTA BLANCA;0274220042876;;WHITE BODY;LORIS;PIEDRA;;REVESTIMIENTO;DECORADO;RLV DECORADO;MATE;VARIACION MODERADA;;SI;;;;SIN CLASE;;;GRUPO BIII;GL Esmaltado;;;NO;;600-900 N - 15-25 N/mm2;1;027.422.0169.16206;30x60 PB.;;;;30;60;8;1800;30x60;RLV.LORIS;PEARL;https://www.pamesa.com/ERP/4.0/empresas/151/045/imagenes/t00010602/0274220042876.jpg;???
27;422;119;16206;0274220042875;NO;PASTA BLANCA;30x60 RLV.LORIS SAND;A;SI;;0.0000;WHT21;PAMESA;PAMESA;F/48/10 PB;8429991199210;;8429991773281;M2;10;1.80;48;86.40;25.00;1,220.00;120.00;80.00;;;8.00;25/11/2025;PAMESA;;REVESTIMIENTO PASTA BLANCA;0274220042875;;WHITE BODY;LORIS;PIEDRA;;REVESTIMIENTO;DECORADO;RLV DECORADO;MATE;VARIACION MODERADA;;SI;;;;SIN CLASE;;;GRUPO BIII;GL Esmaltado;;;NO;;600-900 N - 15-25 N/mm2;1;027.422.0119.16206;30x60 PB.;;;;30;60;8;1800;30x60;RLV.LORIS;SAND;https://www.pamesa.com/ERP/4.0/empresas/151/045/imagenes/t00010602/0274220042875.jpg;???
27;422;108;16206;0274220042874;NO;PASTA BLANCA;30x60 RLV.LORIS WHITE;A;SI;;0.0000;WHT21;PAMESA;PAMESA;F/48/10 PB;8429991199166;;8429991773281;M2;10;1.80;48;86.40;25.00;1,220.00;120.00;80.00;;;8.00;20/11/2025;PAMESA;;REVESTIMIENTO PASTA BLANCA;0274220042874;;WHITE BODY;LORIS;PIEDRA;;REVESTIMIENTO;DECORADO;RLV DECORADO;MATE;VARIACION MODERADA;;SI;;;;SIN CLASE;;;GRUPO BIII;GL Esmaltado;;;NO;;600-900 N - 15-25 N/mm2;1;027.422.0108.16206;30x60 PB.;;;;30;60;8;1800;30x60;RLV.LORIS;WHITE;https://www.pamesa.com/ERP/4.0/empresas/151/045/imagenes/t00010602/0274220042874.jpg;???
31;872;108;16510;0318720046190;SI;PAS.BCA RECTIF;30x90 RLV.BLISS WHITE;A;SI;;0.0000;WHT01;PAMESA;PAMESA;09/63/05;8429991212032;;8429991773311;M2;5;1.35;63;85.05;20.22;1,298.86;112.00;95.00;104.00;;8.70;13/01/2026;PAMESA;PAMESA;REVESTIMIENTO PASTA BLANCA;0318720046190;;WHITE BODY;MIX&MACTH 30x90;BASICO;;REVESTIMIENTO;DECORADO;RLV DECORADO;MATE RECTIFICADO;ASPECTO UNIFORME;;;;;;;;;GRUPO BIII;GL Esmaltado;;;NO;;600-900 N - 15-25 N/mm2;1;031.872.0108.16510;30X90PBCA;CATLOGO PAMESA;;;30;90;8.7;2700;30x90;RLV.BLISS;WHITE;https://www.pamesa.com/ERP/4.0/empresas/151/045/imagenes/t00010602/0318720046190.jpg;???
31;872;108;16509;0318720046189;SI;PAS.BCA RECTIF;30x90 RLV.BOUQUET WHITE;A;SI;;0.0000;WHT01;PAMESA;PAMESA;09/63/05;8429991212025;;8429991773311;M2;5;1.35;63;85.05;20.22;1,298.86;112.00;95.00;104.00;;8.70;13/01/2026;PAMESA;PAMESA;REVESTIMIENTO PASTA BLANCA;0318720046189;;WHITE BODY;MIX&MACTH 30x90;BASICO;;REVESTIMIENTO;DECORADO;RLV DECORADO;MATE RECTIFICADO;ASPECTO UNIFORME;;;;;;;;;GRUPO BIII;GL Esmaltado;;;NO;;600-900 N - 15-25 N/mm2;1;031.872.0108.16509;30X90PBCA;CATLOGO PAMESA;;;30;90;8.7;2700;30x90;RLV.BOUQUET;WHITE;https://www.pamesa.com/ERP/4.0/empresas/151/045/imagenes/t00010602/0318720046189.jpg;???
31;872;108;16508;0318720046097;SI;PAS.BCA RECTIF;30x90 RLV.DAWN WHITE;A;SI;;0.0000;WHT01;PAMESA;PAMESA;09/63/05;8429991212018;;8429991773311;M2;5;1.35;63;85.05;20.22;1,298.86;112.00;95.00;104.00;;8.70;13/01/2026;PAMESA;PAMESA;REVESTIMIENTO PASTA BLANCA;0318720046097;;WHITE BODY;MIX&MACTH 30x90;BASICO;;REVESTIMIENTO;DECORADO;RLV DECORADO;MATE RECTIFICADO;ASPECTO UNIFORME;;;;;;;;;GRUPO BIII;GL Esmaltado;;;NO;;600-900 N - 15-25 N/mm2;1;031.872.0108.16508;30X90PBCA;CATLOGO PAMESA;;;30;90;8.7;2700;30x90;RLV.DAWN;WHITE;https://www.pamesa.com/ERP/4.0/empresas/151/045/imagenes/t00010602/0318720046097.jpg;???
31;872;108;16504;0318720046096;SI;PAS.BCA RECTIF;30x90 RLV.MOON WHITE;A;SI;;0.0000;WHT01;PAMESA;PAMESA;09/63/05;8429991212001;;8429991773311;M2;5;1.35;63;85.05;20.22;1,298.86;112.00;95.00;104.00;;8.70;13/01/2026;PAMESA;PAMESA;REVESTIMIENTO PASTA BLANCA;0318720046096;;WHITE BODY;MIX&MACTH 30x90;BASICO;;REVESTIMIENTO;DECORADO;RLV DECORADO;MATE RECTIFICADO;ASPECTO UNIFORME;;;;;;;;;GRUPO BIII;GL Esmaltado;;;NO;;600-900 N - 15-25 N/mm2;1;031.872.0108.16504;30X90PBCA;CATLOGO PAMESA;;;30;90;8.7;2700;30x90;RLV.MOON;WHITE;https://www.pamesa.com/ERP/4.0/empresas/151/045/imagenes/t00010602/0318720046096.jpg;???
31;627;108;16507;0316270046204;NO;PAS.BCA RECTIF;33,3x100 RLV.FISH WHITE;A;SI;;0.0000;WHT09;PAMESA;PAMESA;T/48/06;8429991212087;;8429991773311;M2;6;2.00;48;96.00;25.00;1,222.00;123.00;103.00;80.50;4;7.00;13/01/2026;PAMESA;PAMESA;REVESTIMIENTO PASTA BLANCA;0316270046204;;WHITE BODY;MIX&MACTH 33,3x100;BASICO;;REVESTIMIENTO;DECORADO;RLV DECORADO;MATE RECTIFICADO;ASPECTO UNIFORME;;;;;;;;;GRUPO BIII;GL Esmaltado;;;NO;;600-900 N - 15-25 N/mm2;1;031.627.0108.16507;33,3x100;CATLOGO PAMESA;;;33.3;100;7;3330;33.3x100;RLV.FISH;WHITE;https://www.pamesa.com/ERP/4.0/empresas/151/045/imagenes/t00010602/0316270046204.jpg;???
31;627;108;16506;0316270046197;SI;PAS.BCA RECTIF;33,3x100 RLV.HEART WHITE;A;SI;;0.0000;WHT09;PAMESA;PAMESA;T/48/06;8429991212056;;8429991773311;M2;6;2.00;48;96.00;25.00;1,222.00;123.00;103.00;80.50;4;7.00;13/01/2026;PAMESA;PAMESA;REVESTIMIENTO PASTA BLANCA;0316270046197;;WHITE BODY;MIX&MACTH 33,3x100;BASICO;;REVESTIMIENTO;DECORADO;RLV DECORADO;MATE RECTIFICADO;ASPECTO UNIFORME;;;;;;;;;GRUPO BIII;GL Esmaltado;;;NO;;600-900 N - 15-25 N/mm2;1;031.627.0108.16506;33,3x100;CATLOGO PAMESA;;;33.3;100;7;3330;33.3x100;RLV.HEART;WHITE;https://www.pamesa.com/ERP/4.0/empresas/151/045/imagenes/t00010602/0316270046197.jpg;???
31;627;108;16505;0316270046202;SI;PAS.BCA RECTIF;33,3x100 RLV.LEAF WHITE;A;SI;;0.0000;WHT09;PAMESA;PAMESA;T/48/06;8429991212070;;8429991773311;M2;6;2.00;48;96.00;25.00;1,222.00;123.00;103.00;80.50;4;7.00;13/01/2026;PAMESA;PAMESA;REVESTIMIENTO PASTA BLANCA;0316270046202;;WHITE BODY;MIX&MACTH 33,3x100;BASICO;;REVESTIMIENTO;DECORADO;RLV DECORADO;MATE RECTIFICADO;ASPECTO UNIFORME;;;;;;;;;GRUPO BIII;GL Esmaltado;;;NO;;600-900 N - 15-25 N/mm2;1;031.627.0108.16505;33,3x100;CATLOGO PAMESA;;;33.3;100;7;3330;33.3x100;RLV.LEAF;WHITE;https://www.pamesa.com/ERP/4.0/empresas/151/045/imagenes/t00010602/0316270046202.jpg;???
31;627;108;16504;0316270046195;SI;PAS.BCA RECTIF;33,3x100 RLV.MOON WHITE;A;SI;;0.0000;WHT09;PAMESA;PAMESA;T/48/06;8429991212049;;8429991773311;M2;6;2.00;48;96.00;25.00;1,222.00;123.00;103.00;80.50;4;7.00;13/01/2026;PAMESA;PAMESA;REVESTIMIENTO PASTA BLANCA;0316270046195;;WHITE BODY;MIX&MACTH 33,3x100;BASICO;;REVESTIMIENTO;DECORADO;RLV DECORADO;MATE RECTIFICADO;ASPECTO UNIFORME;;;;;;;;;GRUPO BIII;GL Esmaltado;;;NO;;600-900 N - 15-25 N/mm2;1;031.627.0108.16504;33,3x100;CATLOGO PAMESA;;;33.3;100;7;3330;33.3x100;RLV.MOON;WHITE;https://www.pamesa.com/ERP/4.0/empresas/151/045/imagenes/t00010602/0316270046195.jpg;???
31;627;108;16503;0316270046200;SI;PAS.BCA RECTIF;33,3x100 RLV.SEA WHITE;A;SI;;0.0000;WHT09;PAMESA;PAMESA;T/48/06;8429991212063;;8429991773311;M2;6;2.00;48;96.00;25.00;1,222.00;123.00;103.00;80.50;4;7.00;13/01/2026;PAMESA;PAMESA;REVESTIMIENTO PASTA BLANCA;0316270046200;;WHITE BODY;MIX&MACTH 33,3x100;BASICO;;REVESTIMIENTO;DECORADO;RLV DECORADO;MATE RECTIFICADO;ASPECTO UNIFORME;;;;;;;;;GRUPO BIII;GL Esmaltado;;;NO;;600-900 N - 15-25 N/mm2;1;031.627.0108.16503;33,3x100;CATLOGO PAMESA;;;33.3;100;7;3330;33.3x100;RLV.SEA;WHITE;https://www.pamesa.com/ERP/4.0/empresas/151/045/imagenes/t00010602/0316270046200.jpg;???
52;961;34;14567;0529610042778;SI;SLIM MATE RECTIF.;120x280(6mm) KALON NOGAL;A;SI;;0.0000;XXL04;PAMESA;PAMESA;04/44/01;8429991198435;;8429991773199;M2;1;3.36;44;147.84;52.00;2,398.00;290.00;75.00;170.00;;;21/11/2025;PAMESA;PAMESA;GRES PORCELNICO;0529610042778;;WOODS;KALON;MADERA;;POLIVALENTE;BASE;BASE;MATE RECTIFICADO;VARIACION MODERADA;;NO;;;;CLASE 1;R9;;GRUPO BIa;GL Esmaltado;;;NO;;>700 N - 35-45 N/mm2;1;052.961.0034.14567;120X280(6MM);CATLOGO PAMESA;;;120;280;6;33600;120x280;KALON;NOGAL;https://www.pamesa.com/ERP/4.0/empresas/151/045/imagenes/t00010602/0529610042778.jpg;???
52;961;36;14567;0529610023696;SI;SLIM MATE RECTIF.;120x280(6mm) KALON ROBLE;A;SI;;62.5000;XXL04;PAMESA;PAMESA;05/20/01;8429991958817;;8429991773199;M2;1;3.36;20;67.20;52.00;1,140.00;290.00;140.00;36.00;;;22/05/2024;PAMESA;PAMESA;GRES PORCELNICO;0529610023696;;WOODS;KALON;MADERA;;POLIVALENTE;;BASE;MATE RECTIFICADO;;NO;NO;;;;CLASE 1;R9;;GRUPO BIa;GL Esmaltado;;;NO;;>700 N - 35-45 N/mm2;1;052.961.0036.14567;120X280(6MM);CATLOGO PAMESA;;;120;280;6;33600;120x280;KALON;ROBLE;https://www.pamesa.com/ERP/4.0/empresas/151/045/imagenes/t00010602/0529610023696.jpg;???
17;229;198;14567;0172290023698;SI;REC.GLASS;30x180 KALON ARCE;A;SI;;42.2500;PWO6;PAMESA;PAMESA;B/30/03;8429991943110;;8429991773199;M2;3;1.62;30;48.60;40.00;1,260.00;110.00;190.00;55.00;5;11.50;17/06/2024;PAMESA;PAMESA;GRES PORCELNICO;0172290023698;;WOODS;KALON;MADERA;;POLIVALENTE;BASE;BASE;MATE RECTIFICADO;VARIACION MODERADA;;NO;NO;;;CLASE 1;R9;;GRUPO BIa;GL Esmaltado;;;NO;;1600-2400 N - 35-45 N/mm2;1;017.229.0198.14567;30x180;CATLOGO PAMESA;;;30;180;11.5;5400;30x180;KALON;ARCE;https://www.pamesa.com/ERP/4.0/empresas/151/045/imagenes/t00010602/0172290023698.jpg;???
17;229;232;14567;0172290023695;SI;REC.GLASS;30x180 KALON CEREZO;A;SI;;42.2500;PWO6;PAMESA;PAMESA;B/30/03;8429991943080;;8429991773199;M2;3;1.62;30;48.60;40.00;1,260.00;110.00;190.00;55.00;5;11.50;17/06/2024;PAMESA;PAMESA;GRES PORCELNICO;0172290023695;;WOODS;KALON;MADERA;;POLIVALENTE;BASE;BASE;MATE RECTIFICADO;VARIACION MODERADA;;NO;NO;;;CLASE 1;R9;;GRUPO BIa;GL Esmaltado;;;NO;;1600-2400 N - 35-45 N/mm2;1;017.229.0232.14567;30x180;CATLOGO PAMESA;;;30;180;11.5;5400;30x180;KALON;CEREZO;https://www.pamesa.com/ERP/4.0/empresas/151/045/imagenes/t00010602/0172290023695.jpg;???
17;229;165;14567;0172290023697;SI;REC.GLASS;30x180 KALON HAYA;A;SI;;42.2500;PWO6;PAMESA;PAMESA;B/30/03;8429991943103;;8429991773199;M2;3;1.62;30;48.60;40.00;1,260.00;110.00;190.00;55.00;5;11.50;17/06/2024;PAMESA;PAMESA;GRES PORCELNICO;0172290023697;;WOODS;KALON;MADERA;;POLIVALENTE;BASE;BASE;MATE RECTIFICADO;VARIACION MODERADA;;NO;NO;;;CLASE 1;R9;;GRUPO BIa;GL Esmaltado;;;NO;;1600-2400 N - 35-45 N/mm2;1;017.229.0165.14567;30x180;CATLOGO PAMESA;;;30;180;11.5;5400;30x180;KALON;HAYA;https://www.pamesa.com/ERP/4.0/empresas/151/045/imagenes/t00010602/0172290023697.jpg;???
17;229;34;14567;0172290023694;SI;REC.GLASS;30x180 KALON NOGAL;A;SI;;42.2500;PWO6;PAMESA;PAMESA;B/30/03;8429991943073;;8429991773199;M2;3;1.62;30;48.60;40.00;1,260.00;110.00;190.00;55.00;5;11.50;17/06/2024;PAMESA;PAMESA;GRES PORCELNICO;0172290023694;;WOODS;KALON;MADERA;;POLIVALENTE;BASE;BASE;MATE RECTIFICADO;VARIACION MODERADA;;NO;NO;;;CLASE 1;R9;;GRUPO BIa;GL Esmaltado;;;NO;;1600-2400 N - 35-45 N/mm2;1;017.229.0034.14567;30x180;CATLOGO PAMESA;;;30;180;11.5;5400;30x180;KALON;NOGAL;https://www.pamesa.com/ERP/4.0/empresas/151/045/imagenes/t00010602/0172290023694.jpg;???
17;229;37;14567;0172290023699;SI;REC.GLASS;30x180 KALON PERLA;A;SI;;42.2500;PWO6;PAMESA;PAMESA;B/30/03;8429991943127;;8429991773199;M2;3;1.62;30;48.60;40.00;1,260.00;110.00;190.00;55.00;5;11.50;17/06/2024;PAMESA;PAMESA;GRES PORCELNICO;0172290023699;;WOODS;KALON;MADERA;;POLIVALENTE;BASE;BASE;MATE RECTIFICADO;VARIACION MODERADA;;NO;NO;;;CLASE 1;R9;;GRUPO BIa;GL Esmaltado;;;NO;;1600-2400 N - 35-45 N/mm2;1;017.229.0037.14567;30x180;CATLOGO PAMESA;;;30;180;11.5;5400;30x180;KALON;PERLA;https://www.pamesa.com/ERP/4.0/empresas/151/045/imagenes/t00010602/0172290023699.jpg;???
17;229;36;14567;0172290023696;SI;REC.GLASS;30x180 KALON ROBLE;A;SI;;42.2500;PWO6;PAMESA;PAMESA;B/30/03;8429991943097;;8429991773199;M2;3;1.62;30;48.60;40.00;1,260.00;110.00;190.00;55.00;5;11.50;17/06/2024;PAMESA;PAMESA;GRES PORCELNICO;0172290023696;;WOODS;KALON;MADERA;;POLIVALENTE;BASE;BASE;MATE RECTIFICADO;VARIACION MODERADA;;NO;NO;;;CLASE 1;R9;;GRUPO BIa;GL Esmaltado;;;NO;;1600-2400 N - 35-45 N/mm2;1;017.229.0036.14567;30x180;CATLOGO PAMESA;;;30;180;11.5;5400;30x180;KALON;ROBLE;https://www.pamesa.com/ERP/4.0/empresas/151/045/imagenes/t00010602/0172290023696.jpg;???
17;229;197;14567;0172290023693;SI;REC.GLASS;30x180 KALON WENGUE;A;SI;;42.2500;PWO6;PAMESA;PAMESA;B/30/03;8429991943066;;8429991773199;M2;3;1.62;30;48.60;40.00;1,260.00;110.00;190.00;55.00;5;11.50;17/06/2024;PAMESA;PAMESA;GRES PORCELNICO;0172290023693;;WOODS;KALON;MADERA;;POLIVALENTE;BASE;BASE;MATE RECTIFICADO;VARIACION MODERADA;;NO;NO;;;CLASE 1;R9;;GRUPO BIa;GL Esmaltado;;;NO;;1600-2400 N - 35-45 N/mm2;1;017.229.0197.14567;30x180;CATLOGO PAMESA;;;30;180;11.5;5400;30x180;KALON;WENGUE;https://www.pamesa.com/ERP/4.0/empresas/151/045/imagenes/t00010602/0172290023693.jpg;???
17;285;198;14567;0172850023698;SI;REC.GLASS;25x150 KALON ARCE;A;SI;;31.5000;PWO8;PAMESA;PAMESA;1/40/04T;8429991943042;;8429991773199;M2;4;1.50;40;60.00;35.00;1,464.00;93.00;153.00;63.00;;;17/06/2024;PAMESA;PAMESA;GRES PORCELNICO;0172850023698;;WOODS;KALON;MADERA;;POLIVALENTE;BASE;BASE;MATE RECTIFICADO;VARIACION MODERADA;;NO;NO;;;CLASE 1;R9;;GRUPO BIa;GL Esmaltado;;;NO;;1600-2400 N - 35-45 N/mm2;1;017.285.0198.14567;25X150;CATLOGO PAMESA;;;25;150;10.5;3750;25x150;KALON;ARCE;https://www.pamesa.com/ERP/4.0/empresas/151/045/imagenes/t00010602/0172850023698.jpg;???
17;285;157;14567;0172850036660;SI;REC.GLASS;25x150 KALON BLACK;A;SI;;0.0000;PWO8;PAMESA;PAMESA;1/40/04T;8429991173357;;8429991773199;M2;4;1.50;40;60.00;35.00;1,464.00;93.00;153.00;63.00;;;15/09/2025;PAMESA;PAMESA;GRES PORCELNICO;0172850036660;;WOODS;KALON;MADERA;;POLIVALENTE;BASE;BASE;MATE RECTIFICADO;VARIACION MODERADA;;NO;;;;CLASE 1;R9;;GRUPO BIa;GL Esmaltado;;;NO;;1600-2400 N - 35-45 N/mm2;1;017.285.0157.14567;25X150;CATLOGO PAMESA;;;25;150;10.5;3750;25x150;KALON;BLACK;https://www.pamesa.com/ERP/4.0/empresas/151/045/imagenes/t00010602/0172850036660.jpg;???
17;285;232;14567;0172850023695;SI;REC.GLASS;25x150 KALON CEREZO;A;SI;;31.5000;PWO8;PAMESA;PAMESA;1/40/04T;8429991943011;;8429991773199;M2;4;1.50;40;60.00;35.00;1,464.00;93.00;153.00;63.00;;;17/06/2024;PAMESA;PAMESA;GRES PORCELNICO;0172850023695;;WOODS;KALON;MADERA;;POLIVALENTE;BASE;BASE;MATE RECTIFICADO;VARIACION MODERADA;;NO;NO;;;CLASE 1;R9;;GRUPO BIa;GL Esmaltado;;;NO;;1600-2400 N - 35-45 N/mm2;1;017.285.0232.14567;25X150;CATLOGO PAMESA;;;25;150;10.5;3750;25x150;KALON;CEREZO;https://www.pamesa.com/ERP/4.0/empresas/151/045/imagenes/t00010602/0172850023695.jpg;???
17;285;165;14567;0172850023697;SI;REC.GLASS;25x150 KALON HAYA;A;SI;;31.5000;PWO8;PAMESA;PAMESA;1/40/04T;8429991943035;;8429991773199;M2;4;1.50;40;60.00;35.00;1,464.00;93.00;153.00;63.00;;;17/06/2024;PAMESA;PAMESA;GRES PORCELNICO;0172850023697;;WOODS;KALON;MADERA;;POLIVALENTE;BASE;BASE;MATE RECTIFICADO;VARIACION MODERADA;;NO;NO;;;CLASE 1;R9;;GRUPO BIa;GL Esmaltado;;;NO;;1600-2400 N - 35-45 N/mm2;1;017.285.0165.14567;25X150;CATLOGO PAMESA;;;25;150;10.5;3750;25x150;KALON;HAYA;https://www.pamesa.com/ERP/4.0/empresas/151/045/imagenes/t00010602/0172850023697.jpg;???
17;285;34;14567;0172850023694;SI;REC.GLASS;25x150 KALON NOGAL;A;SI;;31.5000;PWO8;PAMESA;PAMESA;1/40/04T;8429991942991;;8429991773199;M2;4;1.50;40;60.00;35.00;1,464.00;93.00;153.00;63.00;;;17/06/2024;PAMESA;PAMESA;GRES PORCELNICO;0172850023694;;WOODS;KALON;MADERA;;POLIVALENTE;BASE;BASE;MATE RECTIFICADO;VARIACION MODERADA;;NO;NO;;;CLASE 1;R9;;GRUPO BIa;GL Esmaltado;;;NO;;1600-2400 N - 35-45 N/mm2;1;017.285.0034.14567;25X150;CATLOGO PAMESA;;;25;150;10.5;3750;25x150;KALON;NOGAL;https://www.pamesa.com/ERP/4.0/empresas/151/045/imagenes/t00010602/0172850023694.jpg;???
17;285;37;14567;0172850023699;SI;REC.GLASS;25x150 KALON PERLA;A;SI;;31.5000;PWO8;PAMESA;PAMESA;1/40/04T;8429991943059;;8429991773199;M2;4;1.50;40;60.00;35.00;1,464.00;93.00;153.00;63.00;;;17/06/2024;PAMESA;PAMESA;GRES PORCELNICO;0172850023699;;WOODS;KALON;MADERA;;POLIVALENTE;BASE;BASE;MATE RECTIFICADO;VARIACION MODERADA;;NO;NO;;;CLASE 1;R9;;GRUPO BIa;GL Esmaltado;;;NO;;1600-2400 N - 35-45 N/mm2;1;017.285.0037.14567;25X150;CATLOGO PAMESA;;;25;150;10.5;3750;25x150;KALON;PERLA;https://www.pamesa.com/ERP/4.0/empresas/151/045/imagenes/t00010602/0172850023699.jpg;???
17;285;36;14567;0172850023696;SI;REC.GLASS;25x150 KALON ROBLE;A;SI;;31.5000;PWO8;PAMESA;PAMESA;1/40/04T;8429991943028;;8429991773199;M2;4;1.50;40;60.00;35.00;1,464.00;93.00;153.00;63.00;;;17/06/2024;PAMESA;PAMESA;GRES PORCELNICO;0172850023696;;WOODS;KALON;MADERA;;POLIVALENTE;BASE;BASE;MATE RECTIFICADO;VARIACION MODERADA;;NO;NO;;;CLASE 1;R9;;GRUPO BIa;GL Esmaltado;;;NO;;1600-2400 N - 35-45 N/mm2;1;017.285.0036.14567;25X150;CATLOGO PAMESA;;;25;150;10.5;3750;25x150;KALON;ROBLE;https://www.pamesa.com/ERP/4.0/empresas/151/045/imagenes/t00010602/0172850023696.jpg;???
17;285;197;14567;0172850023693;SI;REC.GLASS;25x150 KALON WENGUE;A;SI;;31.5000;PWO8;PAMESA;PAMESA;1/40/04T;8429991943004;;8429991773199;M2;4;1.50;40;60.00;35.00;1,464.00;93.00;153.00;63.00;;;17/06/2024;PAMESA;PAMESA;GRES PORCELNICO;0172850023693;;WOODS;KALON;MADERA;;POLIVALENTE;BASE;BASE;MATE RECTIFICADO;VARIACION MODERADA;;NO;NO;;;CLASE 1;R9;;GRUPO BIa;GL Esmaltado;;;NO;;1600-2400 N - 35-45 N/mm2;1;017.285.0197.14567;25X150;CATLOGO PAMESA;;;25;150;10.5;3750;25x150;KALON;WENGUE;https://www.pamesa.com/ERP/4.0/empresas/151/045/imagenes/t00010602/0172850023693.jpg;???
17;241;198;14567;0172410023698;SI;REC.GLASS;20x120(n) KALON ARCE;A;SI;;21.7500;PWO14;PAMESA;PAMESA;J/44/07;8429991942984;;8429991773199;M2;7;1.68;44;73.92;32.00;1,437.00;122.00;80.00;94.00;3;9.00;17/06/2024;PAMESA;PAMESA;GRES PORCELNICO;0172410023698;;WOODS;KALON;MADERA;;POLIVALENTE;BASE;BASE;MATE RECTIFICADO;VARIACION MODERADA;;NO;NO;;;CLASE 1;R9;;GRUPO BIa;GL Esmaltado;;;NO;;1600-2400 N - 35-45 N/mm2;1;017.241.0198.14567;20x120 (n);CATLOGO PAMESA;;;20;120;9;2400;20x120;KALON;ARCE;https://www.pamesa.com/ERP/4.0/empresas/151/045/imagenes/t00010602/0172410023698.jpg;???
17;241;157;14567;0172410036661;SI;REC.GLASS;20x120(n) KALON BLACK;A;SI;;0.0000;PWO14;PAMESA;PAMESA;J/44/07;8429991173364;;8429991773199;M2;7;1.68;44;73.92;32.00;1,437.00;122.00;80.00;94.00;3;9.00;15/09/2025;PAMESA;PAMESA;GRES PORCELNICO;0172410036661;;WOODS;KALON;MADERA;;POLIVALENTE;BASE;BASE;MATE RECTIFICADO;VARIACION MODERADA;;NO;;;;CLASE 1;R9;;GRUPO BIa;GL Esmaltado;;;NO;;1600-2400 N - 35-45 N/mm2;1;017.241.0157.14567;20x120 (n);CATLOGO PAMESA;;;20;120;9;2400;20x120;KALON;BLACK;https://www.pamesa.com/ERP/4.0/empresas/151/045/imagenes/t00010602/0172410036661.jpg;???
17;241;232;14567;0172410023695;SI;REC.GLASS;20x120(n) KALON CEREZO;A;SI;;21.7500;PWO14;PAMESA;PAMESA;J/44/07;8429991942953;;8429991773199;M2;7;1.68;44;73.92;32.00;1,437.00;122.00;80.00;94.00;3;9.00;17/06/2024;PAMESA;PAMESA;GRES PORCELNICO;0172410023695;;WOODS;KALON;MADERA;;POLIVALENTE;BASE;BASE;MATE RECTIFICADO;VARIACION MODERADA;;NO;NO;;;CLASE 1;R9;;GRUPO BIa;GL Esmaltado;;;NO;;1600-2400 N - 35-45 N/mm2;1;017.241.0232.14567;20x120 (n);CATLOGO PAMESA;;;20;120;9;2400;20x120;KALON;CEREZO;https://www.pamesa.com/ERP/4.0/empresas/151/045/imagenes/t00010602/0172410023695.jpg;???
17;241;165;14567;0172410023697;SI;REC.GLASS;20x120(n) KALON HAYA;A;SI;;21.7500;PWO14;PAMESA;PAMESA;J/44/07;8429991942977;;8429991773199;M2;7;1.68;44;73.92;32.00;1,437.00;122.00;80.00;94.00;3;9.00;17/06/2024;PAMESA;PAMESA;GRES PORCELNICO;0172410023697;;WOODS;KALON;MADERA;;POLIVALENTE;BASE;BASE;MATE RECTIFICADO;VARIACION MODERADA;;NO;NO;;;CLASE 1;R9;;GRUPO BIa;GL Esmaltado;;;NO;;1600-2400 N - 35-45 N/mm2;1;017.241.0165.14567;20x120 (n);CATLOGO PAMESA;;;20;120;9;2400;20x120;KALON;HAYA;https://www.pamesa.com/ERP/4.0/empresas/151/045/imagenes/t00010602/0172410023697.jpg;???
17;241;34;14567;0172410023694;SI;REC.GLASS;20x120(n) KALON NOGAL;A;SI;;21.7500;PWO14;PAMESA;PAMESA;J/44/07;8429991942946;;8429991773199;M2;7;1.68;44;73.92;32.00;1,437.00;122.00;80.00;94.00;3;9.00;17/06/2024;PAMESA;PAMESA;GRES PORCELNICO;0172410023694;;WOODS;KALON;MADERA;;POLIVALENTE;BASE;BASE;MATE RECTIFICADO;VARIACION MODERADA;;NO;NO;;;CLASE 1;R9;;GRUPO BIa;GL Esmaltado;;;NO;;1600-2400 N - 35-45 N/mm2;1;017.241.0034.14567;20x120 (n);CATLOGO PAMESA;;;20;120;9;2400;20x120;KALON;NOGAL;https://www.pamesa.com/ERP/4.0/empresas/151/045/imagenes/t00010602/0172410023694.jpg;???
17;241;37;14567;0172410023699;SI;REC.GLASS;20x120(n) KALON PERLA;A;SI;;21.7500;PWO14;PAMESA;PAMESA;J/44/07;8429991943134;;8429991773199;M2;7;1.68;44;73.92;32.00;1,437.00;122.00;80.00;94.00;3;9.00;17/06/2024;PAMESA;PAMESA;GRES PORCELNICO;0172410023699;;WOODS;KALON;MADERA;;POLIVALENTE;BASE;BASE;MATE RECTIFICADO;VARIACION MODERADA;;NO;NO;;;CLASE 1;R9;;GRUPO BIa;GL Esmaltado;;;NO;;1600-2400 N - 35-45 N/mm2;1;017.241.0037.14567;20x120 (n);CATLOGO PAMESA;;;20;120;9;2400;20x120;KALON;PERLA;https://www.pamesa.com/ERP/4.0/empresas/151/045/imagenes/t00010602/0172410023699.jpg;???
17;241;36;14567;0172410023696;SI;REC.GLASS;20x120(n) KALON ROBLE;A;SI;;21.7500;PWO14;PAMESA;PAMESA;J/44/07;8429991942960;;8429991773199;M2;7;1.68;44;73.92;32.00;1,437.00;122.00;80.00;94.00;3;9.00;17/06/2024;PAMESA;PAMESA;GRES PORCELNICO;0172410023696;;WOODS;KALON;MADERA;;POLIVALENTE;BASE;BASE;MATE RECTIFICADO;VARIACION MODERADA;;NO;NO;;;CLASE 1;R9;;GRUPO BIa;GL Esmaltado;;;NO;;1600-2400 N - 35-45 N/mm2;1;017.241.0036.14567;20x120 (n);CATLOGO PAMESA;;;20;120;9;2400;20x120;KALON;ROBLE;https://www.pamesa.com/ERP/4.0/empresas/151/045/imagenes/t00010602/0172410023696.jpg;???
17;241;197;14567;0172410023693;SI;REC.GLASS;20x120(n) KALON WENGUE;A;SI;;21.7500;PWO14;PAMESA;PAMESA;J/44/07;8429991942939;;8429991773199;M2;7;1.68;44;73.92;32.00;1,437.00;122.00;80.00;94.00;3;9.00;17/06/2024;PAMESA;PAMESA;GRES PORCELNICO;0172410023693;;WOODS;KALON;MADERA;;POLIVALENTE;BASE;BASE;MATE RECTIFICADO;VARIACION MODERADA;;NO;NO;;;CLASE 1;R9;;GRUPO BIa;GL Esmaltado;;;NO;;1600-2400 N - 35-45 N/mm2;1;017.241.0197.14567;20x120 (n);CATLOGO PAMESA;;;20;120;9;2400;20x120;KALON;WENGUE;https://www.pamesa.com/ERP/4.0/empresas/151/045/imagenes/t00010602/0172410023693.jpg;???